,wd11cd,comparison_Number_of_charities
0,E05000001,11
1,E05000002,12
2,E05000003,23
3,E05000005,42
4,E05000006,20
5,E05000011,3
6,E05000012,1
7,E05000013,41
8,E05000015,7
9,E05000018,88
10,E05000021,3
11,E05000026,28
12,E05000027,14
13,E05000028,1
14,E05000030,14
15,E05000031,6
16,E05000032,16
17,E05000034,14
18,E05000035,20
19,E05000038,21
20,E05000039,38
21,E05000041,24
22,E05000045,127
23,E05000052,151
24,E05000053,283
25,E05000065,19
26,E05000066,14
27,E05000067,9
28,E05000072,10
29,E05000073,8
30,E05000074,11
31,E05000075,6
32,E05000076,13
33,E05000077,2
34,E05000078,24
35,E05000080,2
36,E05000082,8
37,E05000083,32
38,E05000084,35
39,E05000087,21
40,E05000089,20
41,E05000091,26
42,E05000092,27
43,E05000097,1
44,E05000098,19
45,E05000100,27
46,E05000103,2
47,E05000105,23
48,E05000107,18
49,E05000112,4
50,E05000114,1
51,E05000116,22
52,E05000117,7
53,E05000123,34
54,E05000129,67
55,E05000138,169
56,E05000141,78
57,E05000148,1
58,E05000150,1
59,E05000153,1
60,E05000158,37
61,E05000161,16
62,E05000164,40
63,E05000165,4
64,E05000166,37
65,E05000169,22
66,E05000175,2
67,E05000179,3
68,E05000219,2
69,E05000221,25
70,E05000222,45
71,E05000223,3
72,E05000224,14
73,E05000225,29
74,E05000226,34
75,E05000227,25
76,E05000228,54
77,E05000229,47
78,E05000230,31
79,E05000239,42
80,E05000240,5
81,E05000253,5
82,E05000262,3
83,E05000307,30
84,E05000308,14
85,E05000309,30
86,E05000311,10
87,E05000315,18
88,E05000318,17
89,E05000320,23
90,E05000321,20
91,E05000322,10
92,E05000323,31
93,E05000325,1
94,E05000326,2
95,E05000332,14
96,E05000333,32
97,E05000340,15
98,E05000343,1
99,E05000346,19
100,E05000351,15
101,E05000352,22
102,E05000353,15
103,E05000354,20
104,E05000367,73
105,E05000370,52
106,E05000374,1
107,E05000380,11
108,E05000383,4
109,E05000386,3
110,E05000387,14
111,E05000390,22
112,E05000396,42
113,E05000397,5
114,E05000399,20
115,E05000406,8
116,E05000415,1
117,E05000416,11
118,E05000418,3
119,E05000420,4
120,E05000422,24
121,E05000423,23
122,E05000424,39
123,E05000426,47
124,E05000427,66
125,E05000428,40
126,E05000431,33
127,E05000432,31
128,E05000433,11
129,E05000434,35
130,E05000437,7
131,E05000438,23
132,E05000439,16
133,E05000441,17
134,E05000443,4
135,E05000444,32
136,E05000445,21
137,E05000446,23
138,E05000447,42
139,E05000448,37
140,E05000449,18
141,E05000450,33
142,E05000451,2
143,E05000452,30
144,E05000453,31
145,E05000455,21
146,E05000456,9
147,E05000457,20
148,E05000459,35
149,E05000461,5
150,E05000462,37
151,E05000463,2
152,E05000464,6
153,E05000465,1
154,E05000466,21
155,E05000469,35
156,E05000471,24
157,E05000472,44
158,E05000473,10
159,E05000474,36
160,E05000475,2
161,E05000508,1
162,E05000516,42
163,E05000517,53
164,E05000518,30
165,E05000519,35
166,E05000520,25
167,E05000521,26
168,E05000522,25
169,E05000525,32
170,E05000526,9
171,E05000528,39
172,E05000530,28
173,E05000532,2
174,E05000536,4
175,E05000538,43
176,E05000539,24
177,E05000540,17
178,E05000541,18
179,E05000542,1
180,E05000543,43
181,E05000544,24
182,E05000545,33
183,E05000546,43
184,E05000547,27
185,E05000548,13
186,E05000549,27
187,E05000550,7
188,E05000551,13
189,E05000552,20
190,E05000553,52
191,E05000554,48
192,E05000561,1
193,E05000585,5
194,E05000610,37
195,E05000611,29
196,E05000612,19
197,E05000613,46
198,E05000614,27
199,E05000615,25
200,E05000616,27
201,E05000617,27
202,E05000618,45
203,E05000619,38
204,E05000620,25
205,E05000621,30
206,E05000622,48
207,E05000623,20
208,E05000624,36
209,E05000625,44
210,E05000626,35
211,E05000627,44
212,E05000628,22
213,E05000629,33
214,E05000633,16
215,E05000637,57
216,E05000644,329
217,E05000645,20
218,E05000646,58
219,E05000647,77
220,E05000739,4
221,E05000740,20
222,E05000741,9
223,E05000742,11
224,E05000744,19
225,E05000745,6
226,E05000746,4
227,E05000747,19
228,E05000748,21
229,E05000749,16
230,E05000750,16
231,E05000751,11
232,E05000753,5
233,E05000755,18
234,E05000756,16
235,E05000757,8
236,E05000794,2
237,E05000801,1
238,E05000809,6
239,E05000810,14
240,E05000811,17
241,E05000812,6
242,E05000813,18
243,E05000814,19
244,E05000817,10
245,E05000818,18
246,E05000819,44
247,E05000820,1
248,E05000821,41
249,E05000822,8
250,E05000830,44
251,E05000831,34
252,E05000837,24
253,E05000839,17
254,E05000917,8
255,E05000919,10
256,E05000920,20
257,E05000921,7
258,E05000922,10
259,E05000923,14
260,E05000925,26
261,E05000929,14
262,E05000930,1
263,E05000931,19
264,E05000954,25
265,E05000955,25
266,E05000956,29
267,E05000957,16
268,E05000958,48
269,E05000959,27
270,E05000960,18
271,E05000961,29
272,E05000962,56
273,E05000963,42
274,E05000964,17
275,E05000965,24
276,E05000966,19
277,E05000967,19
278,E05000968,27
279,E05000969,27
280,E05000970,21
281,E05000971,17
282,E05000972,16
283,E05000973,20
284,E05000974,27
285,E05000975,38
286,E05001004,9
287,E05001006,4
288,E05001011,12
289,E05001013,2
290,E05001015,40
291,E05001068,7
292,E05001070,16
293,E05001072,20
294,E05001073,1
295,E05001074,3
296,E05001075,12
297,E05001076,6
298,E05001078,6
299,E05001079,6
300,E05001081,13
301,E05001082,10
302,E05001084,1
303,E05001085,11
304,E05001086,11
305,E05001087,2
306,E05001088,12
307,E05001089,27
308,E05001092,9
309,E05001096,3
310,E05001100,5
311,E05001101,14
312,E05001114,1
313,E05001115,10
314,E05001116,11
315,E05001117,10
316,E05001118,6
317,E05001119,9
318,E05001120,25
319,E05001121,6
320,E05001122,10
321,E05001123,12
322,E05001124,20
323,E05001125,10
324,E05001126,4
325,E05001127,12
326,E05001128,26
327,E05001129,28
328,E05001130,28
329,E05001131,14
330,E05001132,12
331,E05001133,11
332,E05001134,25
333,E05001135,19
334,E05001136,2
335,E05001137,4
336,E05001138,16
337,E05001139,6
338,E05001140,4
339,E05001141,5
340,E05001142,2
341,E05001143,3
342,E05001144,4
343,E05001145,13
344,E05001146,3
345,E05001147,6
346,E05001148,8
347,E05001149,11
348,E05001150,8
349,E05001151,2
350,E05001152,2
351,E05001173,16
352,E05001174,9
353,E05001175,10
354,E05001176,11
355,E05001177,7
356,E05001241,8
357,E05001245,1
358,E05001255,3
359,E05001257,1
360,E05001263,1
361,E05001265,3
362,E05001281,10
363,E05001303,9
364,E05001309,10
365,E05001317,3
366,E05001319,12
367,E05001320,18
368,E05001321,11
369,E05001322,8
370,E05001324,13
371,E05001325,14
372,E05001326,3
373,E05001327,5
374,E05001328,10
375,E05001330,10
376,E05001332,5
377,E05001336,1
378,E05001339,2
379,E05001340,10
380,E05001341,28
381,E05001342,60
382,E05001343,41
383,E05001348,12
384,E05001349,43
385,E05001350,5
386,E05001352,4
387,E05001353,25
388,E05001354,64
389,E05001355,35
390,E05001356,21
391,E05001357,14
392,E05001360,17
393,E05001361,3
394,E05001362,36
395,E05001363,25
396,E05001366,33
397,E05001368,9
398,E05001369,32
399,E05001370,10
400,E05001372,10
401,E05001385,19
402,E05001390,21
403,E05001391,30
404,E05001392,15
405,E05001393,29
406,E05001398,24
407,E05001399,41
408,E05001400,21
409,E05001403,22
410,E05001408,25
411,E05001409,46
412,E05001411,76
413,E05001412,56
414,E05001413,1
415,E05001414,24
416,E05001415,18
417,E05001416,12
418,E05001418,31
419,E05001420,24
420,E05001421,13
421,E05001422,21
422,E05001423,28
423,E05001425,44
424,E05001426,59
425,E05001428,57
426,E05001430,14
427,E05001431,17
428,E05001432,1
429,E05001433,18
430,E05001434,24
431,E05001435,20
432,E05001436,26
433,E05001437,42
434,E05001438,19
435,E05001439,26
436,E05001441,25
437,E05001442,32
438,E05001443,64
439,E05001445,7
440,E05001446,3
441,E05001447,7
442,E05001452,6
443,E05001465,3
444,E05001466,5
445,E05001467,2
446,E05001468,9
447,E05001469,5
448,E05001470,2
449,E05001471,9
450,E05001472,4
451,E05001473,12
452,E05001474,3
453,E05001475,4
454,E05001476,3
455,E05001477,6
456,E05001478,6
457,E05001479,6
458,E05001480,22
459,E05001481,4
460,E05001505,8
461,E05001506,7
462,E05001507,7
463,E05001510,10
464,E05001511,15
465,E05001512,7
466,E05001513,7
467,E05001514,9
468,E05001515,2
469,E05001516,4
470,E05001519,17
471,E05001520,17
472,E05001521,10
473,E05001524,8
474,E05001525,10
475,E05001526,7
476,E05001527,4
477,E05001528,2
478,E05001529,7
479,E05001530,2
480,E05001531,8
481,E05001532,5
482,E05001533,22
483,E05001534,9
484,E05001535,14
485,E05001536,2
486,E05001537,8
487,E05001538,10
488,E05001539,10
489,E05001540,7
490,E05001541,8
491,E05001542,5
492,E05001543,8
493,E05001544,3
494,E05001545,12
495,E05001546,12
496,E05001547,3
497,E05001548,1
498,E05001549,19
499,E05001550,2
500,E05001551,7
501,E05001552,24
502,E05001576,2
503,E05001590,1
504,E05001610,30
505,E05001675,2
506,E05001687,55
507,E05001688,15
508,E05001689,16
509,E05001690,18
510,E05001691,22
511,E05001692,16
512,E05001693,49
513,E05001694,37
514,E05001695,51
515,E05001696,9
516,E05001697,14
517,E05001698,18
518,E05001699,16
519,E05001700,48
520,E05001701,47
521,E05001702,29
522,E05001703,39
523,E05001704,48
524,E05001705,30
525,E05001706,32
526,E05001707,63
527,E05001708,49
528,E05001709,19
529,E05001710,11
530,E05001711,22
531,E05001712,57
532,E05001713,13
533,E05001714,7
534,E05001715,4
535,E05001716,10
536,E05001717,9
537,E05001718,23
538,E05001719,9
539,E05001720,24
540,E05001721,16
541,E05001722,6
542,E05001723,10
543,E05001724,12
544,E05001725,4
545,E05001726,19
546,E05001727,10
547,E05001728,7
548,E05001730,23
549,E05001731,2
550,E05001732,17
551,E05001733,13
552,E05001734,40
553,E05001735,7
554,E05001736,10
555,E05001737,3
556,E05001738,27
557,E05001739,6
558,E05001740,25
559,E05001741,10
560,E05001742,9
561,E05001743,31
562,E05001744,10
563,E05001745,15
564,E05001746,18
565,E05001747,25
566,E05001748,15
567,E05001749,29
568,E05001750,18
569,E05001751,10
570,E05001752,25
571,E05001753,29
572,E05001754,15
573,E05001755,26
574,E05001756,11
575,E05001757,29
576,E05001758,18
577,E05001759,40
578,E05001760,24
579,E05001761,6
580,E05001762,49
581,E05001763,32
582,E05001764,17
583,E05001765,19
584,E05001766,26
585,E05001767,14
586,E05001768,30
587,E05001769,15
588,E05001770,30
589,E05001771,18
590,E05001772,10
591,E05001773,11
592,E05001774,16
593,E05001775,24
594,E05001776,10
595,E05001777,32
596,E05001778,11
597,E05001780,20
598,E05001781,14
599,E05001782,7
600,E05001783,11
601,E05001806,13
602,E05001807,6
603,E05001808,6
604,E05001809,8
605,E05001810,5
606,E05001811,5
607,E05001812,13
608,E05001813,6
609,E05001814,19
610,E05001815,18
611,E05001816,5
612,E05001817,15
613,E05001818,8
614,E05001820,24
615,E05001821,5
616,E05001831,15
617,E05001832,13
618,E05001859,36
619,E05001860,4
620,E05001865,3
621,E05001869,3
622,E05001885,11
623,E05001891,13
624,E05001903,3
625,E05001904,11
626,E05001905,6
627,E05001906,6
628,E05001940,18
629,E05001941,17
630,E05001942,16
631,E05001944,6
632,E05001945,7
633,E05001946,16
634,E05001947,13
635,E05001948,9
636,E05001953,17
637,E05001959,10
638,E05001961,15
639,E05001963,16
640,E05001973,20
641,E05001976,16
642,E05001984,17
643,E05001986,35
644,E05001987,11
645,E05001988,26
646,E05001989,7
647,E05001991,13
648,E05001992,23
649,E05001993,9
650,E05001994,1
651,E05001995,1
652,E05001998,9
653,E05001999,1
654,E05002000,17
655,E05002002,12
656,E05002004,2
657,E05002005,15
658,E05002009,27
659,E05002010,4
660,E05002011,7
661,E05002012,9
662,E05002013,3
663,E05002014,15
664,E05002015,8
665,E05002016,2
666,E05002017,20
667,E05002018,5
668,E05002019,22
669,E05002022,17
670,E05002023,25
671,E05002024,6
672,E05002025,9
673,E05002026,11
674,E05002027,8
675,E05002028,4
676,E05002029,8
677,E05002030,5
678,E05002031,14
679,E05002034,11
680,E05002036,9
681,E05002037,13
682,E05002038,15
683,E05002040,24
684,E05002042,34
685,E05002043,22
686,E05002044,14
687,E05002045,34
688,E05002046,8
689,E05002047,7
690,E05002048,11
691,E05002049,20
692,E05002050,13
693,E05002051,11
694,E05002052,1
695,E05002053,32
696,E05002054,15
697,E05002055,9
698,E05002056,22
699,E05002057,13
700,E05002058,11
701,E05002059,16
702,E05002060,16
703,E05002061,12
704,E05002062,12
705,E05002063,8
706,E05002064,15
707,E05002065,9
708,E05002066,14
709,E05002067,26
710,E05002068,12
711,E05002069,13
712,E05002070,20
713,E05002071,23
714,E05002072,21
715,E05002073,8
716,E05002074,16
717,E05002075,23
718,E05002076,16
719,E05002077,19
720,E05002098,1
721,E05002118,9
722,E05002119,9
723,E05002123,8
724,E05002127,14
725,E05002131,18
726,E05002132,9
727,E05002133,10
728,E05002134,21
729,E05002135,22
730,E05002136,9
731,E05002137,14
732,E05002138,13
733,E05002139,9
734,E05002140,6
735,E05002141,27
736,E05002142,13
737,E05002143,11
738,E05002144,28
739,E05002145,23
740,E05002146,38
741,E05002147,14
742,E05002148,7
743,E05002155,13
744,E05002157,4
745,E05002160,1
746,E05002229,9
747,E05002230,16
748,E05002231,18
749,E05002232,15
750,E05002233,9
751,E05002234,9
752,E05002235,15
753,E05002236,9
754,E05002237,12
755,E05002238,10
756,E05002239,13
757,E05002240,22
758,E05002241,9
759,E05002242,9
760,E05002243,15
761,E05002244,5
762,E05002245,11
763,E05002246,10
764,E05002247,11
765,E05002248,14
766,E05002255,1
767,E05002272,21
768,E05002273,6
769,E05002274,9
770,E05002275,9
771,E05002276,12
772,E05002277,14
773,E05002278,3
774,E05002279,8
775,E05002280,10
776,E05002281,10
777,E05002282,16
778,E05002283,5
779,E05002284,8
780,E05002285,10
781,E05002286,10
782,E05002287,14
783,E05002288,10
784,E05002289,1
785,E05002291,11
786,E05002292,19
787,E05002293,3
788,E05002294,11
789,E05002295,13
790,E05002296,8
791,E05002297,15
792,E05002298,16
793,E05002299,24
794,E05002300,18
795,E05002301,6
796,E05002302,18
797,E05002303,39
798,E05002304,25
799,E05002306,9
800,E05002308,6
801,E05002309,26
802,E05002310,30
803,E05002312,14
804,E05002313,7
805,E05002314,14
806,E05002315,8
807,E05002317,17
808,E05002318,3
809,E05002320,14
810,E05002324,11
811,E05002326,2
812,E05002327,12
813,E05002331,16
814,E05002333,17
815,E05002353,1
816,E05002363,15
817,E05002364,9
818,E05002373,7
819,E05002375,11
820,E05002377,32
821,E05002378,19
822,E05002379,10
823,E05002380,15
824,E05002383,23
825,E05002386,17
826,E05002387,35
827,E05002393,20
828,E05002394,24
829,E05002395,17
830,E05002396,24
831,E05002398,27
832,E05002399,6
833,E05002400,16
834,E05002405,25
835,E05002406,21
836,E05002407,16
837,E05002409,11
838,E05002410,13
839,E05002411,28
840,E05002412,34
841,E05002413,32
842,E05002414,15
843,E05002415,26
844,E05002418,26
845,E05002428,14
846,E05002435,19
847,E05002455,25
848,E05002456,37
849,E05002457,40
850,E05002458,15
851,E05002459,22
852,E05002460,18
853,E05002461,21
854,E05002462,13
855,E05002463,13
856,E05002464,16
857,E05002465,25
858,E05002466,11
859,E05002467,35
860,E05002468,17
861,E05002469,17
862,E05002470,23
863,E05002594,44
864,E05002595,23
865,E05002596,32
866,E05002597,11
867,E05002598,20
868,E05002599,28
869,E05002600,15
870,E05002601,6
871,E05002602,10
872,E05002604,19
873,E05002605,5
874,E05002606,14
875,E05002607,24
876,E05002608,10
877,E05002609,46
878,E05002610,37
879,E05002611,18
880,E05002612,13
881,E05002613,10
882,E05002614,14
883,E05002615,18
884,E05002617,15
885,E05002618,8
886,E05002619,9
887,E05002620,13
888,E05002621,7
889,E05002622,24
890,E05002623,16
891,E05002624,5
892,E05002625,12
893,E05002626,52
894,E05002627,1
895,E05002628,12
896,E05002629,37
897,E05002636,11
898,E05002641,9
899,E05002643,23
900,E05002645,11
901,E05002647,3
902,E05002649,4
903,E05002650,32
904,E05002672,1
905,E05002674,29
906,E05002675,25
907,E05002676,4
908,E05002677,1
909,E05002678,9
910,E05002679,28
911,E05002680,8
912,E05002681,16
913,E05002682,18
914,E05002683,37
915,E05002684,1
916,E05002685,1
917,E05002686,9
918,E05002687,15
919,E05002688,21
920,E05002689,18
921,E05002692,4
922,E05002693,9
923,E05002694,19
924,E05002695,10
925,E05002696,18
926,E05002697,19
927,E05002698,8
928,E05002699,45
929,E05002700,10
930,E05002701,31
931,E05002704,1
932,E05002716,11
933,E05002717,21
934,E05002734,17
935,E05002736,3
936,E05002737,5
937,E05002738,5
938,E05002740,2
939,E05002741,11
940,E05002742,2
941,E05002744,2
942,E05002746,2
943,E05002747,18
944,E05002748,8
945,E05002749,12
946,E05002750,13
947,E05002751,16
948,E05002752,9
949,E05002753,26
950,E05002756,1
951,E05002757,3
952,E05002758,8
953,E05002759,2
954,E05002760,6
955,E05002761,3
956,E05002763,23
957,E05002769,21
958,E05002771,25
959,E05002772,4
960,E05002777,8
961,E05002779,4
962,E05002781,10
963,E05002784,15
964,E05002791,28
965,E05002792,14
966,E05002793,13
967,E05002795,32
968,E05002796,14
969,E05002797,14
970,E05002798,45
971,E05002799,15
972,E05002800,7
973,E05002801,19
974,E05002802,18
975,E05002804,7
976,E05002805,17
977,E05002806,27
978,E05002807,24
979,E05002808,25
980,E05002809,10
981,E05002812,17
982,E05002813,9
983,E05002814,12
984,E05002815,25
985,E05002816,16
986,E05002818,15
987,E05002820,57
988,E05002821,14
989,E05002822,23
990,E05002823,16
991,E05002824,22
992,E05003114,18
993,E05003116,11
994,E05003117,22
995,E05003118,10
996,E05003119,2
997,E05003120,23
998,E05003121,11
999,E05003122,12
1000,E05003123,18
1001,E05003124,5
1002,E05003125,5
1003,E05003126,2
1004,E05003127,5
1005,E05003128,2
1006,E05003129,32
1007,E05003131,2
1008,E05003132,2
1009,E05003133,9
1010,E05003134,8
1011,E05003135,10
1012,E05003136,14
1013,E05003139,3
1014,E05003145,3
1015,E05003146,4
1016,E05003147,14
1017,E05003148,20
1018,E05003149,10
1019,E05003150,11
1020,E05003151,11
1021,E05003152,3
1022,E05003153,4
1023,E05003154,2
1024,E05003155,5
1025,E05003156,3
1026,E05003157,3
1027,E05003180,2
1028,E05003181,7
1029,E05003182,13
1030,E05003183,9
1031,E05003184,8
1032,E05003185,2
1033,E05003186,9
1034,E05003187,6
1035,E05003188,6
1036,E05003189,6
1037,E05003190,2
1038,E05003191,6
1039,E05003192,20
1040,E05003193,4
1041,E05003194,8
1042,E05003195,6
1043,E05003196,4
1044,E05003197,5
1045,E05003198,14
1046,E05003199,6
1047,E05003200,5
1048,E05003201,9
1049,E05003202,8
1050,E05003203,5
1051,E05003204,17
1052,E05003206,5
1053,E05003207,3
1054,E05003208,22
1055,E05003209,12
1056,E05003210,16
1057,E05003211,12
1058,E05003212,12
1059,E05003213,15
1060,E05003214,18
1061,E05003215,13
1062,E05003216,21
1063,E05003217,10
1064,E05003218,7
1065,E05003219,16
1066,E05003220,5
1067,E05003221,12
1068,E05003222,12
1069,E05003223,6
1070,E05003224,4
1071,E05003225,12
1072,E05003226,14
1073,E05003227,1
1074,E05003228,3
1075,E05003229,9
1076,E05003230,14
1077,E05003231,10
1078,E05003232,7
1079,E05003233,22
1080,E05003234,15
1081,E05003235,25
1082,E05003237,23
1083,E05003240,15
1084,E05003241,18
1085,E05003243,11
1086,E05003244,15
1087,E05003245,32
1088,E05003246,12
1089,E05003262,10
1090,E05003263,10
1091,E05003264,22
1092,E05003266,32
1093,E05003267,25
1094,E05003269,3
1095,E05003270,4
1096,E05003271,11
1097,E05003272,3
1098,E05003273,6
1099,E05003274,16
1100,E05003275,1
1101,E05003276,20
1102,E05003277,8
1103,E05003278,20
1104,E05003279,8
1105,E05003280,9
1106,E05003281,9
1107,E05003282,15
1108,E05003283,17
1109,E05003284,17
1110,E05003286,1
1111,E05003289,8
1112,E05003290,5
1113,E05003292,8
1114,E05003293,10
1115,E05003295,6
1116,E05003299,7
1117,E05003300,6
1118,E05003301,15
1119,E05003302,9
1120,E05003304,8
1121,E05003311,3
1122,E05003312,3
1123,E05003313,2
1124,E05003314,1
1125,E05003315,1
1126,E05003317,1
1127,E05003319,6
1128,E05003320,7
1129,E05003321,7
1130,E05003344,26
1131,E05003345,4
1132,E05003349,11
1133,E05003352,11
1134,E05003354,12
1135,E05003357,8
1136,E05003358,11
1137,E05003362,1
1138,E05003364,9
1139,E05003365,2
1140,E05003368,18
1141,E05003370,8
1142,E05003371,13
1143,E05003372,9
1144,E05003377,21
1145,E05003379,2
1146,E05003380,4
1147,E05003381,15
1148,E05003383,8
1149,E05003384,3
1150,E05003385,10
1151,E05003388,10
1152,E05003389,2
1153,E05003390,23
1154,E05003391,7
1155,E05003392,19
1156,E05003393,4
1157,E05003394,10
1158,E05003395,9
1159,E05003396,10
1160,E05003397,10
1161,E05003399,2
1162,E05003400,5
1163,E05003401,11
1164,E05003402,2
1165,E05003403,13
1166,E05003404,3
1167,E05003405,2
1168,E05003406,14
1169,E05003407,7
1170,E05003408,5
1171,E05003409,5
1172,E05003410,3
1173,E05003411,11
1174,E05003412,4
1175,E05003413,10
1176,E05003414,1
1177,E05003415,16
1178,E05003416,3
1179,E05003434,3
1180,E05003437,12
1181,E05003459,9
1182,E05003460,19
1183,E05003461,10
1184,E05003462,6
1185,E05003465,28
1186,E05003466,13
1187,E05003475,13
1188,E05003476,22
1189,E05003477,5
1190,E05003478,20
1191,E05003480,24
1192,E05003481,6
1193,E05003482,21
1194,E05003483,22
1195,E05003484,16
1196,E05003485,30
1197,E05003486,13
1198,E05003487,6
1199,E05003490,16
1200,E05003511,8
1201,E05003512,20
1202,E05003513,14
1203,E05003514,24
1204,E05003515,16
1205,E05003516,15
1206,E05003517,9
1207,E05003518,6
1208,E05003519,14
1209,E05003520,25
1210,E05003521,18
1211,E05003522,28
1212,E05003524,22
1213,E05003526,11
1214,E05003527,12
1215,E05003528,17
1216,E05003529,11
1217,E05003530,21
1218,E05003531,16
1219,E05003533,14
1220,E05003534,8
1221,E05003535,18
1222,E05003536,9
1223,E05003537,11
1224,E05003538,22
1225,E05003539,10
1226,E05003540,16
1227,E05003541,14
1228,E05003542,2
1229,E05003543,6
1230,E05003544,28
1231,E05003545,2
1232,E05003546,15
1233,E05003547,11
1234,E05003548,13
1235,E05003549,10
1236,E05003550,20
1237,E05003551,6
1238,E05003552,9
1239,E05003553,15
1240,E05003554,14
1241,E05003555,15
1242,E05003556,14
1243,E05003557,18
1244,E05003558,8
1245,E05003559,1
1246,E05003564,9
1247,E05003569,8
1248,E05003570,19
1249,E05003571,10
1250,E05003572,10
1251,E05003573,10
1252,E05003581,27
1253,E05003591,46
1254,E05003592,11
1255,E05003593,34
1256,E05003594,14
1257,E05003595,11
1258,E05003596,24
1259,E05003597,18
1260,E05003600,3
1261,E05003601,15
1262,E05003602,15
1263,E05003605,21
1264,E05003606,12
1265,E05003607,12
1266,E05003608,38
1267,E05003609,18
1268,E05003611,14
1269,E05003612,19
1270,E05003613,9
1271,E05003614,5
1272,E05003615,14
1273,E05003616,18
1274,E05003617,23
1275,E05003618,9
1276,E05003619,9
1277,E05003620,10
1278,E05003621,10
1279,E05003622,16
1280,E05003623,10
1281,E05003624,19
1282,E05003625,20
1283,E05003626,15
1284,E05003627,8
1285,E05003628,18
1286,E05003629,4
1287,E05003630,11
1288,E05003631,7
1289,E05003632,6
1290,E05003633,23
1291,E05003634,9
1292,E05003635,4
1293,E05003636,6
1294,E05003637,10
1295,E05003638,14
1296,E05003639,11
1297,E05003640,19
1298,E05003641,10
1299,E05003642,8
1300,E05003643,12
1301,E05003644,16
1302,E05003645,5
1303,E05003646,10
1304,E05003647,9
1305,E05003648,11
1306,E05003649,12
1307,E05003650,9
1308,E05003651,15
1309,E05003652,12
1310,E05003653,5
1311,E05003654,24
1312,E05003655,23
1313,E05003656,4
1314,E05003657,13
1315,E05003658,8
1316,E05003659,11
1317,E05003660,18
1318,E05003661,7
1319,E05003662,8
1320,E05003663,6
1321,E05003664,8
1322,E05003665,9
1323,E05003666,10
1324,E05003667,12
1325,E05003668,9
1326,E05003669,14
1327,E05003670,8
1328,E05003672,3
1329,E05003673,14
1330,E05003674,9
1331,E05003675,9
1332,E05003676,13
1333,E05003677,7
1334,E05003678,16
1335,E05003679,9
1336,E05003680,7
1337,E05003681,9
1338,E05003682,13
1339,E05003683,7
1340,E05003684,18
1341,E05003685,23
1342,E05003686,7
1343,E05003687,8
1344,E05003688,13
1345,E05003689,4
1346,E05003690,18
1347,E05003691,4
1348,E05003692,11
1349,E05003693,21
1350,E05003694,38
1351,E05003695,30
1352,E05003696,17
1353,E05003697,2
1354,E05003698,6
1355,E05003699,7
1356,E05003700,7
1357,E05003701,4
1358,E05003703,13
1359,E05003704,14
1360,E05003706,19
1361,E05003708,12
1362,E05003709,12
1363,E05003712,4
1364,E05003713,6
1365,E05003718,19
1366,E05003719,2
1367,E05003720,16
1368,E05003721,1
1369,E05003723,10
1370,E05003724,9
1371,E05003725,13
1372,E05003726,9
1373,E05003727,17
1374,E05003728,13
1375,E05003729,6
1376,E05003730,10
1377,E05003731,12
1378,E05003732,20
1379,E05003733,22
1380,E05003734,10
1381,E05003736,18
1382,E05003743,2
1383,E05003747,1
1384,E05003756,5
1385,E05003760,5
1386,E05003920,17
1387,E05003921,14
1388,E05003922,11
1389,E05003923,33
1390,E05003924,32
1391,E05003925,20
1392,E05003926,16
1393,E05003927,14
1394,E05003928,20
1395,E05003929,9
1396,E05003930,11
1397,E05003931,12
1398,E05003932,30
1399,E05003933,12
1400,E05003934,12
1401,E05003935,15
1402,E05003936,5
1403,E05003937,11
1404,E05003938,26
1405,E05003939,13
1406,E05003940,8
1407,E05003941,12
1408,E05003942,3
1409,E05003943,7
1410,E05003944,8
1411,E05003946,8
1412,E05003947,1
1413,E05003948,4
1414,E05003957,11
1415,E05003958,8
1416,E05003959,8
1417,E05003961,19
1418,E05003962,16
1419,E05003963,10
1420,E05003964,17
1421,E05003965,8
1422,E05003966,24
1423,E05003967,22
1424,E05003968,27
1425,E05003969,12
1426,E05003970,19
1427,E05003971,48
1428,E05003972,30
1429,E05003973,17
1430,E05003974,10
1431,E05003975,23
1432,E05003976,12
1433,E05003977,32
1434,E05003978,15
1435,E05003979,4
1436,E05003980,8
1437,E05003981,3
1438,E05003982,18
1439,E05003983,22
1440,E05003984,8
1441,E05003985,3
1442,E05003986,10
1443,E05003987,31
1444,E05003988,1
1445,E05003989,13
1446,E05003995,30
1447,E05003996,9
1448,E05003997,28
1449,E05003998,17
1450,E05004000,23
1451,E05004001,2
1452,E05004002,13
1453,E05004003,7
1454,E05004004,19
1455,E05004005,16
1456,E05004006,14
1457,E05004007,14
1458,E05004008,10
1459,E05004009,17
1460,E05004010,8
1461,E05004011,19
1462,E05004012,14
1463,E05004013,3
1464,E05004015,19
1465,E05004016,8
1466,E05004017,10
1467,E05004018,8
1468,E05004019,1
1469,E05004020,23
1470,E05004021,24
1471,E05004022,22
1472,E05004023,24
1473,E05004024,12
1474,E05004025,9
1475,E05004026,15
1476,E05004027,11
1477,E05004028,14
1478,E05004029,15
1479,E05004030,13
1480,E05004031,16
1481,E05004032,11
1482,E05004033,12
1483,E05004034,17
1484,E05004035,12
1485,E05004036,9
1486,E05004037,9
1487,E05004041,1
1488,E05004047,9
1489,E05004049,10
1490,E05004056,4
1491,E05004057,18
1492,E05004058,7
1493,E05004061,1
1494,E05004067,16
1495,E05004068,27
1496,E05004069,9
1497,E05004070,19
1498,E05004071,14
1499,E05004072,11
1500,E05004073,8
1501,E05004074,10
1502,E05004075,8
1503,E05004076,1
1504,E05004077,15
1505,E05004078,15
1506,E05004079,9
1507,E05004080,9
1508,E05004081,25
1509,E05004110,5
1510,E05004112,9
1511,E05004147,6
1512,E05004153,23
1513,E05004154,9
1514,E05004156,7
1515,E05004159,4
1516,E05004160,4
1517,E05004161,7
1518,E05004162,9
1519,E05004163,8
1520,E05004164,13
1521,E05004165,18
1522,E05004167,4
1523,E05004168,5
1524,E05004169,7
1525,E05004170,2
1526,E05004171,7
1527,E05004173,21
1528,E05004174,6
1529,E05004179,10
1530,E05004180,7
1531,E05004181,5
1532,E05004182,8
1533,E05004183,9
1534,E05004184,13
1535,E05004185,11
1536,E05004186,22
1537,E05004187,11
1538,E05004188,6
1539,E05004189,7
1540,E05004209,4
1541,E05004228,1
1542,E05004229,13
1543,E05004230,4
1544,E05004231,9
1545,E05004233,3
1546,E05004234,25
1547,E05004235,8
1548,E05004236,3
1549,E05004238,4
1550,E05004239,9
1551,E05004240,12
1552,E05004241,6
1553,E05004242,9
1554,E05004244,13
1555,E05004246,19
1556,E05004247,11
1557,E05004248,13
1558,E05004250,12
1559,E05004251,6
1560,E05004252,5
1561,E05004253,6
1562,E05004254,7
1563,E05004255,4
1564,E05004256,8
1565,E05004257,10
1566,E05004258,9
1567,E05004260,15
1568,E05004261,18
1569,E05004265,11
1570,E05004266,14
1571,E05004267,1
1572,E05004270,7
1573,E05004271,18
1574,E05004272,16
1575,E05004273,24
1576,E05004275,11
1577,E05004276,28
1578,E05004279,13
1579,E05004284,1
1580,E05004285,18
1581,E05004286,10
1582,E05004287,15
1583,E05004288,21
1584,E05004289,12
1585,E05004290,10
1586,E05004291,23
1587,E05004292,15
1588,E05004293,24
1589,E05004294,4
1590,E05004295,30
1591,E05004296,24
1592,E05004297,10
1593,E05004298,31
1594,E05004299,16
1595,E05004300,17
1596,E05004301,6
1597,E05004302,10
1598,E05004303,2
1599,E05004304,6
1600,E05004305,12
1601,E05004306,7
1602,E05004307,11
1603,E05004308,3
1604,E05004310,27
1605,E05004311,23
1606,E05004312,12
1607,E05004313,50
1608,E05004314,18
1609,E05004315,5
1610,E05004321,5
1611,E05004323,25
1612,E05004327,19
1613,E05004328,16
1614,E05004329,15
1615,E05004330,10
1616,E05004331,17
1617,E05004334,19
1618,E05004336,13
1619,E05004337,7
1620,E05004338,4
1621,E05004339,6
1622,E05004340,7
1623,E05004341,10
1624,E05004342,10
1625,E05004343,6
1626,E05004344,13
1627,E05004345,3
1628,E05004346,14
1629,E05004347,6
1630,E05004348,16
1631,E05004349,16
1632,E05004350,8
1633,E05004351,23
1634,E05004352,7
1635,E05004353,5
1636,E05004354,18
1637,E05004355,12
1638,E05004356,26
1639,E05004357,23
1640,E05004358,18
1641,E05004359,9
1642,E05004360,12
1643,E05004361,14
1644,E05004362,19
1645,E05004378,1
1646,E05004379,20
1647,E05004382,14
1648,E05004383,10
1649,E05004386,28
1650,E05004387,22
1651,E05004388,6
1652,E05004390,2
1653,E05004391,21
1654,E05004399,10
1655,E05004400,21
1656,E05004405,15
1657,E05004407,47
1658,E05004408,9
1659,E05004416,7
1660,E05004418,9
1661,E05004422,4
1662,E05004425,6
1663,E05004427,22
1664,E05004428,14
1665,E05004430,28
1666,E05004431,14
1667,E05004432,10
1668,E05004433,6
1669,E05004434,7
1670,E05004435,13
1671,E05004436,41
1672,E05004437,33
1673,E05004438,11
1674,E05004439,16
1675,E05004440,17
1676,E05004441,14
1677,E05004442,9
1678,E05004443,8
1679,E05004444,28
1680,E05004445,7
1681,E05004446,32
1682,E05004447,23
1683,E05004448,7
1684,E05004449,7
1685,E05004450,3
1686,E05004451,4
1687,E05004452,15
1688,E05004453,12
1689,E05004454,12
1690,E05004455,5
1691,E05004456,24
1692,E05004457,23
1693,E05004458,7
1694,E05004459,7
1695,E05004460,6
1696,E05004461,6
1697,E05004462,12
1698,E05004463,14
1699,E05004464,8
1700,E05004465,13
1701,E05004466,34
1702,E05004468,26
1703,E05004469,14
1704,E05004470,20
1705,E05004471,20
1706,E05004472,19
1707,E05004473,32
1708,E05004474,19
1709,E05004480,4
1710,E05004481,27
1711,E05004482,9
1712,E05004483,8
1713,E05004484,4
1714,E05004485,10
1715,E05004486,14
1716,E05004487,15
1717,E05004488,18
1718,E05004490,27
1719,E05004491,17
1720,E05004492,11
1721,E05004493,3
1722,E05004494,2
1723,E05004495,1
1724,E05004496,5
1725,E05004497,5
1726,E05004498,15
1727,E05004499,16
1728,E05004500,20
1729,E05004501,26
1730,E05004502,14
1731,E05004503,20
1732,E05004504,6
1733,E05004505,10
1734,E05004506,29
1735,E05004507,14
1736,E05004508,9
1737,E05004509,15
1738,E05004510,12
1739,E05004511,23
1740,E05004512,14
1741,E05004513,7
1742,E05004514,11
1743,E05004515,12
1744,E05004516,16
1745,E05004517,10
1746,E05004518,3
1747,E05004519,8
1748,E05004520,11
1749,E05004521,15
1750,E05004522,13
1751,E05004523,14
1752,E05004524,20
1753,E05004525,13
1754,E05004526,19
1755,E05004527,20
1756,E05004528,22
1757,E05004529,13
1758,E05004530,17
1759,E05004531,8
1760,E05004532,13
1761,E05004533,4
1762,E05004534,3
1763,E05004535,8
1764,E05004536,10
1765,E05004537,5
1766,E05004538,3
1767,E05004539,4
1768,E05004540,1
1769,E05004541,8
1770,E05004542,14
1771,E05004543,6
1772,E05004544,4
1773,E05004545,5
1774,E05004546,5
1775,E05004547,14
1776,E05004548,13
1777,E05004549,5
1778,E05004550,10
1779,E05004551,21
1780,E05004552,14
1781,E05004553,10
1782,E05004554,14
1783,E05004555,11
1784,E05004556,19
1785,E05004557,15
1786,E05004558,13
1787,E05004559,22
1788,E05004560,29
1789,E05004561,16
1790,E05004562,34
1791,E05004563,16
1792,E05004564,2
1793,E05004565,13
1794,E05004571,27
1795,E05004573,17
1796,E05004574,18
1797,E05004580,17
1798,E05004581,21
1799,E05004582,6
1800,E05004583,11
1801,E05004584,25
1802,E05004585,12
1803,E05004586,28
1804,E05004587,38
1805,E05004588,11
1806,E05004589,16
1807,E05004590,21
1808,E05004592,8
1809,E05004593,9
1810,E05004596,3
1811,E05004597,11
1812,E05004598,18
1813,E05004599,6
1814,E05004600,24
1815,E05004601,24
1816,E05004602,17
1817,E05004603,34
1818,E05004604,15
1819,E05004605,12
1820,E05004606,12
1821,E05004607,16
1822,E05004608,21
1823,E05004609,6
1824,E05004610,11
1825,E05004611,9
1826,E05004612,7
1827,E05004613,3
1828,E05004614,10
1829,E05004615,24
1830,E05004616,7
1831,E05004617,13
1832,E05004618,6
1833,E05004619,13
1834,E05004620,9
1835,E05004621,6
1836,E05004622,9
1837,E05004623,11
1838,E05004624,10
1839,E05004625,15
1840,E05004626,11
1841,E05004627,11
1842,E05004628,28
1843,E05004629,8
1844,E05004630,15
1845,E05004631,12
1846,E05004632,23
1847,E05004633,26
1848,E05004634,7
1849,E05004635,35
1850,E05004636,7
1851,E05004637,26
1852,E05004638,13
1853,E05004639,8
1854,E05004640,18
1855,E05004641,8
1856,E05004642,19
1857,E05004643,21
1858,E05004644,7
1859,E05004645,11
1860,E05004646,21
1861,E05004647,14
1862,E05004648,16
1863,E05004649,16
1864,E05004650,11
1865,E05004651,15
1866,E05004652,35
1867,E05004653,6
1868,E05004654,19
1869,E05004655,27
1870,E05004656,21
1871,E05004658,11
1872,E05004659,24
1873,E05004660,21
1874,E05004661,18
1875,E05004662,11
1876,E05004663,17
1877,E05004664,23
1878,E05004665,44
1879,E05004666,14
1880,E05004667,7
1881,E05004668,41
1882,E05004669,30
1883,E05004670,14
1884,E05004671,12
1885,E05004672,18
1886,E05004673,35
1887,E05004674,20
1888,E05004675,5
1889,E05004676,12
1890,E05004677,23
1891,E05004678,25
1892,E05004684,10
1893,E05004685,19
1894,E05004687,7
1895,E05004690,10
1896,E05004693,15
1897,E05004711,12
1898,E05004712,17
1899,E05004713,20
1900,E05004716,22
1901,E05004717,14
1902,E05004718,19
1903,E05004719,23
1904,E05004720,20
1905,E05004721,6
1906,E05004724,9
1907,E05004725,25
1908,E05004726,35
1909,E05004727,14
1910,E05004728,4
1911,E05004729,11
1912,E05004730,8
1913,E05004731,29
1914,E05004732,15
1915,E05004733,12
1916,E05004734,6
1917,E05004735,23
1918,E05004736,9
1919,E05004737,37
1920,E05004738,10
1921,E05004739,25
1922,E05004741,12
1923,E05004742,15
1924,E05004743,10
1925,E05004744,18
1926,E05004745,11
1927,E05004747,7
1928,E05004752,12
1929,E05004753,14
1930,E05004754,11
1931,E05004755,23
1932,E05004773,1
1933,E05004800,1
1934,E05004804,1
1935,E05004819,3
1936,E05004821,5
1937,E05004826,1
1938,E05004827,5
1939,E05004829,6
1940,E05004832,3
1941,E05004833,5
1942,E05004838,6
1943,E05004839,17
1944,E05004840,6
1945,E05004841,6
1946,E05004842,12
1947,E05004843,16
1948,E05004844,13
1949,E05004845,34
1950,E05004846,14
1951,E05004847,7
1952,E05004848,12
1953,E05004849,6
1954,E05004850,2
1955,E05004853,12
1956,E05004854,2
1957,E05004855,5
1958,E05004856,5
1959,E05004857,5
1960,E05004867,3
1961,E05004868,4
1962,E05004869,13
1963,E05004870,3
1964,E05004871,11
1965,E05004873,21
1966,E05004874,3
1967,E05004875,12
1968,E05004876,8
1969,E05004877,11
1970,E05004878,7
1971,E05004879,14
1972,E05004880,7
1973,E05004881,6
1974,E05004882,2
1975,E05004883,12
1976,E05004884,2
1977,E05004885,4
1978,E05004886,18
1979,E05004887,13
1980,E05004888,35
1981,E05004889,5
1982,E05004890,6
1983,E05004891,3
1984,E05004892,9
1985,E05004893,12
1986,E05004894,12
1987,E05004895,12
1988,E05004897,29
1989,E05004898,11
1990,E05004899,20
1991,E05004900,29
1992,E05004901,22
1993,E05004934,7
1994,E05004939,6
1995,E05004943,6
1996,E05004944,5
1997,E05004945,11
1998,E05004946,8
1999,E05004947,26
2000,E05004948,15
2001,E05004950,5
2002,E05004951,14
2003,E05004952,15
2004,E05004953,13
2005,E05004954,13
2006,E05004955,14
2007,E05004956,21
2008,E05004957,25
2009,E05004958,6
2010,E05004959,30
2011,E05004960,10
2012,E05004961,4
2013,E05004962,27
2014,E05004963,10
2015,E05004964,15
2016,E05004965,5
2017,E05004966,9
2018,E05004968,6
2019,E05004969,17
2020,E05004970,14
2021,E05004971,10
2022,E05004972,10
2023,E05004973,3
2024,E05004974,10
2025,E05004975,10
2026,E05004976,9
2027,E05004977,24
2028,E05004978,8
2029,E05004979,8
2030,E05004980,7
2031,E05004981,13
2032,E05004982,10
2033,E05004983,9
2034,E05004984,15
2035,E05004985,12
2036,E05004986,28
2037,E05004987,22
2038,E05004989,4
2039,E05004990,8
2040,E05004991,20
2041,E05004992,9
2042,E05004993,23
2043,E05004994,21
2044,E05004995,20
2045,E05004996,30
2046,E05004997,10
2047,E05004999,32
2048,E05005000,18
2049,E05005001,9
2050,E05005002,8
2051,E05005003,11
2052,E05005004,6
2053,E05005006,24
2054,E05005007,13
2055,E05005008,1
2056,E05005009,42
2057,E05005012,17
2058,E05005017,8
2059,E05005018,19
2060,E05005019,3
2061,E05005021,18
2062,E05005022,15
2063,E05005023,33
2064,E05005024,11
2065,E05005025,19
2066,E05005026,17
2067,E05005027,23
2068,E05005028,9
2069,E05005029,36
2070,E05005033,18
2071,E05005034,9
2072,E05005035,1
2073,E05005036,11
2074,E05005037,6
2075,E05005038,6
2076,E05005039,4
2077,E05005040,14
2078,E05005041,9
2079,E05005042,11
2080,E05005043,8
2081,E05005044,8
2082,E05005045,22
2083,E05005046,15
2084,E05005047,2
2085,E05005048,12
2086,E05005049,8
2087,E05005050,7
2088,E05005051,6
2089,E05005052,12
2090,E05005053,27
2091,E05005054,11
2092,E05005055,20
2093,E05005056,14
2094,E05005057,1
2095,E05005058,33
2096,E05005059,6
2097,E05005060,3
2098,E05005061,13
2099,E05005062,10
2100,E05005065,5
2101,E05005066,4
2102,E05005067,4
2103,E05005068,18
2104,E05005069,9
2105,E05005070,5
2106,E05005071,3
2107,E05005072,16
2108,E05005073,17
2109,E05005074,10
2110,E05005075,8
2111,E05005076,15
2112,E05005077,4
2113,E05005078,17
2114,E05005080,8
2115,E05005081,5
2116,E05005084,15
2117,E05005085,12
2118,E05005086,13
2119,E05005090,12
2120,E05005092,2
2121,E05005094,3
2122,E05005095,4
2123,E05005096,9
2124,E05005097,7
2125,E05005099,5
2126,E05005100,13
2127,E05005101,21
2128,E05005104,22
2129,E05005105,4
2130,E05005106,34
2131,E05005107,2
2132,E05005108,11
2133,E05005109,8
2134,E05005111,17
2135,E05005112,17
2136,E05005113,20
2137,E05005114,22
2138,E05005115,13
2139,E05005116,26
2140,E05005117,12
2141,E05005119,10
2142,E05005121,10
2143,E05005125,6
2144,E05005127,9
2145,E05005128,21
2146,E05005129,11
2147,E05005130,52
2148,E05005131,33
2149,E05005133,11
2150,E05005135,16
2151,E05005136,26
2152,E05005137,24
2153,E05005138,15
2154,E05005139,10
2155,E05005141,1
2156,E05005150,8
2157,E05005151,7
2158,E05005152,3
2159,E05005153,10
2160,E05005154,6
2161,E05005155,15
2162,E05005156,7
2163,E05005157,4
2164,E05005158,2
2165,E05005159,9
2166,E05005160,11
2167,E05005161,2
2168,E05005162,3
2169,E05005163,5
2170,E05005164,6
2171,E05005176,13
2172,E05005182,16
2173,E05005256,2
2174,E05005257,12
2175,E05005260,5
2176,E05005263,6
2177,E05005264,4
2178,E05005295,1
2179,E05005302,1
2180,E05005307,6
2181,E05005318,7
2182,E05005321,8
2183,E05005323,5
2184,E05005325,3
2185,E05005327,5
2186,E05005336,4
2187,E05005337,9
2188,E05005338,4
2189,E05005339,8
2190,E05005342,9
2191,E05005343,2
2192,E05005344,10
2193,E05005348,1
2194,E05005350,7
2195,E05005353,5
2196,E05005410,2
2197,E05005413,6
2198,E05005418,6
2199,E05005421,11
2200,E05005424,4
2201,E05005427,25
2202,E05005431,12
2203,E05005432,1
2204,E05005433,11
2205,E05005434,11
2206,E05005435,13
2207,E05005436,16
2208,E05005437,15
2209,E05005438,14
2210,E05005439,6
2211,E05005440,30
2212,E05005441,9
2213,E05005442,16
2214,E05005444,14
2215,E05005445,3
2216,E05005446,16
2217,E05005447,12
2218,E05005448,16
2219,E05005451,22
2220,E05005453,10
2221,E05005454,6
2222,E05005455,22
2223,E05005460,10
2224,E05005463,6
2225,E05005464,15
2226,E05005465,7
2227,E05005466,3
2228,E05005467,10
2229,E05005468,5
2230,E05005469,18
2231,E05005470,21
2232,E05005471,15
2233,E05005472,16
2234,E05005473,19
2235,E05005474,21
2236,E05005475,12
2237,E05005477,1
2238,E05005478,16
2239,E05005479,15
2240,E05005480,8
2241,E05005482,9
2242,E05005483,20
2243,E05005484,18
2244,E05005487,19
2245,E05005488,11
2246,E05005489,16
2247,E05005490,11
2248,E05005491,19
2249,E05005493,6
2250,E05005494,4
2251,E05005495,2
2252,E05005496,12
2253,E05005497,20
2254,E05005498,27
2255,E05005499,8
2256,E05005500,21
2257,E05005501,4
2258,E05005502,6
2259,E05005503,3
2260,E05005504,8
2261,E05005505,10
2262,E05005506,13
2263,E05005507,10
2264,E05005508,15
2265,E05005509,12
2266,E05005510,6
2267,E05005511,4
2268,E05005512,10
2269,E05005513,12
2270,E05005514,11
2271,E05005515,2
2272,E05005516,21
2273,E05005517,14
2274,E05005518,10
2275,E05005519,10
2276,E05005520,8
2277,E05005521,8
2278,E05005522,23
2279,E05005523,12
2280,E05005524,11
2281,E05005525,5
2282,E05005526,12
2283,E05005527,3
2284,E05005528,5
2285,E05005529,24
2286,E05005530,4
2287,E05005536,10
2288,E05005537,10
2289,E05005538,12
2290,E05005539,15
2291,E05005540,15
2292,E05005541,3
2293,E05005542,13
2294,E05005543,1
2295,E05005544,14
2296,E05005545,13
2297,E05005546,5
2298,E05005547,7
2299,E05005548,10
2300,E05005549,11
2301,E05005550,7
2302,E05005551,15
2303,E05005552,5
2304,E05005553,4
2305,E05005555,12
2306,E05005556,7
2307,E05005557,6
2308,E05005558,14
2309,E05005559,18
2310,E05005560,5
2311,E05005561,9
2312,E05005562,5
2313,E05005564,12
2314,E05005565,10
2315,E05005566,13
2316,E05005567,15
2317,E05005568,3
2318,E05005570,13
2319,E05005571,3
2320,E05005572,9
2321,E05005573,12
2322,E05005574,2
2323,E05005575,6
2324,E05005576,5
2325,E05005577,7
2326,E05005578,8
2327,E05005579,4
2328,E05005580,6
2329,E05005581,7
2330,E05005582,6
2331,E05005583,7
2332,E05005584,1
2333,E05005585,14
2334,E05005586,4
2335,E05005587,13
2336,E05005588,8
2337,E05005589,3
2338,E05005590,9
2339,E05005591,7
2340,E05005592,7
2341,E05005593,10
2342,E05005594,14
2343,E05005595,4
2344,E05005596,4
2345,E05005598,9
2346,E05005599,2
2347,E05005600,5
2348,E05005601,13
2349,E05005602,12
2350,E05005603,5
2351,E05005604,15
2352,E05005605,19
2353,E05005618,13
2354,E05005620,2
2355,E05005625,30
2356,E05005627,10
2357,E05005628,8
2358,E05005635,14
2359,E05005636,8
2360,E05005638,3
2361,E05005639,1
2362,E05005640,9
2363,E05005641,22
2364,E05005642,1
2365,E05005644,5
2366,E05005645,31
2367,E05005646,4
2368,E05005647,8
2369,E05005648,6
2370,E05005649,15
2371,E05005650,35
2372,E05005651,26
2373,E05005652,21
2374,E05005653,11
2375,E05005654,7
2376,E05005655,14
2377,E05005656,5
2378,E05005657,4
2379,E05005658,11
2380,E05005659,7
2381,E05005660,12
2382,E05005661,9
2383,E05005663,11
2384,E05005664,3
2385,E05005665,4
2386,E05005666,16
2387,E05005667,25
2388,E05005669,8
2389,E05005670,10
2390,E05005671,11
2391,E05005672,22
2392,E05005673,7
2393,E05005674,5
2394,E05005675,10
2395,E05005676,9
2396,E05005677,12
2397,E05005678,6
2398,E05005679,6
2399,E05005680,15
2400,E05005681,13
2401,E05005683,11
2402,E05005684,4
2403,E05005685,9
2404,E05005686,15
2405,E05005689,19
2406,E05005690,10
2407,E05005692,7
2408,E05005693,11
2409,E05005695,15
2410,E05005697,2
2411,E05005701,9
2412,E05005702,8
2413,E05005703,7
2414,E05005704,9
2415,E05005705,4
2416,E05005706,10
2417,E05005711,1
2418,E05005712,17
2419,E05005713,2
2420,E05005715,10
2421,E05005716,2
2422,E05005717,6
2423,E05005720,4
2424,E05005721,12
2425,E05005722,11
2426,E05005723,9
2427,E05005724,5
2428,E05005725,20
2429,E05005726,2
2430,E05005727,12
2431,E05005728,10
2432,E05005729,11
2433,E05005730,3
2434,E05005731,10
2435,E05005732,28
2436,E05005733,12
2437,E05005734,16
2438,E05005735,16
2439,E05005736,8
2440,E05005737,7
2441,E05005738,19
2442,E05005739,8
2443,E05005740,25
2444,E05005741,27
2445,E05005742,11
2446,E05005743,18
2447,E05005744,14
2448,E05005745,7
2449,E05005746,11
2450,E05005747,11
2451,E05005748,8
2452,E05005749,23
2453,E05005750,17
2454,E05005751,16
2455,E05005752,19
2456,E05005753,17
2457,E05005754,10
2458,E05005755,27
2459,E05005756,19
2460,E05005757,14
2461,E05005758,26
2462,E05005759,33
2463,E05005760,22
2464,E05005761,13
2465,E05005762,13
2466,E05005763,12
2467,E05005766,21
2468,E05005767,5
2469,E05005770,12
2470,E05005771,17
2471,E05005772,13
2472,E05005774,16
2473,E05005775,25
2474,E05005776,12
2475,E05005783,16
2476,E05005784,7
2477,E05005785,8
2478,E05005786,4
2479,E05005787,8
2480,E05005788,13
2481,E05005789,6
2482,E05005790,17
2483,E05005791,14
2484,E05005792,12
2485,E05005793,12
2486,E05005794,10
2487,E05005795,5
2488,E05005796,12
2489,E05005797,6
2490,E05005798,3
2491,E05005799,17
2492,E05005800,5
2493,E05005801,12
2494,E05005802,11
2495,E05005803,17
2496,E05005804,5
2497,E05005805,24
2498,E05005806,12
2499,E05005807,19
2500,E05005808,3
2501,E05005809,2
2502,E05005810,16
2503,E05005811,1
2504,E05005812,7
2505,E05005813,6
2506,E05005814,9
2507,E05005815,10
2508,E05005816,14
2509,E05005817,8
2510,E05005818,19
2511,E05005819,7
2512,E05005820,1
2513,E05005821,12
2514,E05005822,15
2515,E05005824,8
2516,E05005825,11
2517,E05005826,6
2518,E05005827,30
2519,E05005828,19
2520,E05005829,5
2521,E05005830,9
2522,E05005831,21
2523,E05005832,18
2524,E05005833,7
2525,E05005834,17
2526,E05005835,16
2527,E05005836,7
2528,E05005837,6
2529,E05005838,8
2530,E05005839,13
2531,E05005840,6
2532,E05005841,16
2533,E05005842,20
2534,E05005843,15
2535,E05005844,7
2536,E05005846,20
2537,E05005847,13
2538,E05005848,13
2539,E05005849,11
2540,E05005850,33
2541,E05005851,16
2542,E05005852,11
2543,E05005853,16
2544,E05005854,11
2545,E05005855,6
2546,E05005856,16
2547,E05005857,15
2548,E05005858,17
2549,E05005859,6
2550,E05005860,12
2551,E05005861,7
2552,E05005862,26
2553,E05005863,13
2554,E05005864,7
2555,E05005865,10
2556,E05005866,21
2557,E05005867,16
2558,E05005868,18
2559,E05005869,17
2560,E05005870,14
2561,E05005872,23
2562,E05005873,33
2563,E05005874,15
2564,E05005875,28
2565,E05005876,21
2566,E05005890,12
2567,E05005891,29
2568,E05005892,24
2569,E05005893,14
2570,E05005894,10
2571,E05005895,1
2572,E05005896,17
2573,E05005897,20
2574,E05005898,3
2575,E05005900,12
2576,E05005901,13
2577,E05005903,27
2578,E05005904,28
2579,E05005905,9
2580,E05005906,10
2581,E05005907,15
2582,E05005908,22
2583,E05005909,15
2584,E05005910,13
2585,E05005911,6
2586,E05005912,11
2587,E05005913,9
2588,E05005914,19
2589,E05005915,12
2590,E05005917,10
2591,E05005918,19
2592,E05005919,23
2593,E05005920,21
2594,E05005921,18
2595,E05005923,9
2596,E05005924,31
2597,E05005925,8
2598,E05005926,2
2599,E05005927,2
2600,E05005928,4
2601,E05005929,7
2602,E05005930,1
2603,E05005931,3
2604,E05005932,4
2605,E05005933,2
2606,E05005934,8
2607,E05005935,4
2608,E05005936,8
2609,E05005938,7
2610,E05005939,1
2611,E05005940,11
2612,E05005941,11
2613,E05005942,6
2614,E05005943,13
2615,E05005944,28
2616,E05005947,10
2617,E05005949,13
2618,E05005950,10
2619,E05005952,11
2620,E05005953,5
2621,E05005954,10
2622,E05005960,4
2623,E05005961,8
2624,E05005963,13
2625,E05005964,1
2626,E05005965,9
2627,E05005966,2
2628,E05005967,8
2629,E05005968,7
2630,E05005971,4
2631,E05005973,19
2632,E05005978,10
2633,E05005979,9
2634,E05005980,1
2635,E05005981,9
2636,E05005982,15
2637,E05005984,11
2638,E05005985,13
2639,E05005986,6
2640,E05005987,15
2641,E05005988,2
2642,E05005989,13
2643,E05005991,12
2644,E05005992,13
2645,E05005993,11
2646,E05005994,8
2647,E05005995,2
2648,E05005996,14
2649,E05005998,10
2650,E05005999,18
2651,E05006000,12
2652,E05006001,30
2653,E05006002,19
2654,E05006003,8
2655,E05006027,13
2656,E05006028,32
2657,E05006030,14
2658,E05006031,7
2659,E05006032,5
2660,E05006034,16
2661,E05006035,34
2662,E05006036,14
2663,E05006041,10
2664,E05006042,11
2665,E05006043,13
2666,E05006044,17
2667,E05006045,5
2668,E05006047,6
2669,E05006048,16
2670,E05006049,12
2671,E05006050,17
2672,E05006051,12
2673,E05006052,20
2674,E05006053,14
2675,E05006061,11
2676,E05006062,14
2677,E05006066,7
2678,E05006069,14
2679,E05006189,18
2680,E05006190,16
2681,E05006192,5
2682,E05006193,11
2683,E05006194,25
2684,E05006195,12
2685,E05006196,20
2686,E05006197,20
2687,E05006199,14
2688,E05006200,19
2689,E05006201,6
2690,E05006202,16
2691,E05006203,4
2692,E05006204,7
2693,E05006205,2
2694,E05006206,26
2695,E05006207,18
2696,E05006211,1
2697,E05006213,15
2698,E05006214,1
2699,E05006215,8
2700,E05006216,13
2701,E05006225,7
2702,E05006226,15
2703,E05006228,15
2704,E05006234,11
2705,E05006236,16
2706,E05006240,11
2707,E05006241,8
2708,E05006253,16
2709,E05006255,4
2710,E05006258,18
2711,E05006261,9
2712,E05006267,13
2713,E05006270,23
2714,E05006271,4
2715,E05006274,4
2716,E05006276,10
2717,E05006277,8
2718,E05006280,5
2719,E05006281,1
2720,E05006282,3
2721,E05006283,4
2722,E05006286,5
2723,E05006288,7
2724,E05006289,8
2725,E05006291,12
2726,E05006292,10
2727,E05006293,11
2728,E05006294,16
2729,E05006296,15
2730,E05006297,13
2731,E05006298,11
2732,E05006299,10
2733,E05006300,19
2734,E05006301,23
2735,E05006302,22
2736,E05006303,13
2737,E05006304,16
2738,E05006305,21
2739,E05006306,3
2740,E05006307,15
2741,E05006308,15
2742,E05006309,16
2743,E05006310,8
2744,E05006311,13
2745,E05006312,9
2746,E05006313,13
2747,E05006314,16
2748,E05006315,18
2749,E05006316,8
2750,E05006317,28
2751,E05006318,11
2752,E05006319,6
2753,E05006320,17
2754,E05006321,23
2755,E05006322,6
2756,E05006323,27
2757,E05006324,9
2758,E05006325,15
2759,E05006326,9
2760,E05006327,14
2761,E05006328,6
2762,E05006329,6
2763,E05006330,22
2764,E05006331,18
2765,E05006332,7
2766,E05006333,6
2767,E05006334,4
2768,E05006335,22
2769,E05006336,10
2770,E05006337,15
2771,E05006338,3
2772,E05006339,14
2773,E05006340,22
2774,E05006341,7
2775,E05006342,9
2776,E05006345,5
2777,E05006346,8
2778,E05006347,5
2779,E05006348,6
2780,E05006351,9
2781,E05006352,2
2782,E05006353,16
2783,E05006354,16
2784,E05006358,10
2785,E05006359,12
2786,E05006360,4
2787,E05006361,5
2788,E05006362,12
2789,E05006363,8
2790,E05006364,8
2791,E05006365,12
2792,E05006366,3
2793,E05006367,6
2794,E05006368,11
2795,E05006369,3
2796,E05006370,10
2797,E05006371,11
2798,E05006372,11
2799,E05006373,18
2800,E05006374,7
2801,E05006375,6
2802,E05006376,6
2803,E05006377,11
2804,E05006378,3
2805,E05006380,6
2806,E05006381,17
2807,E05006382,17
2808,E05006383,11
2809,E05006384,8
2810,E05006385,14
2811,E05006386,10
2812,E05006387,3
2813,E05006389,11
2814,E05006390,7
2815,E05006391,6
2816,E05006392,12
2817,E05006393,9
2818,E05006394,17
2819,E05006395,3
2820,E05006403,2
2821,E05006409,5
2822,E05006412,17
2823,E05006413,3
2824,E05006414,5
2825,E05006415,12
2826,E05006416,4
2827,E05006417,7
2828,E05006425,12
2829,E05006426,10
2830,E05006436,8
2831,E05006439,12
2832,E05006443,16
2833,E05006464,12
2834,E05006465,7
2835,E05006466,11
2836,E05006467,4
2837,E05006468,9
2838,E05006469,5
2839,E05006470,30
2840,E05006471,20
2841,E05006472,8
2842,E05006473,22
2843,E05006474,2
2844,E05006475,19
2845,E05006476,21
2846,E05006477,34
2847,E05006478,21
2848,E05006479,16
2849,E05006480,6
2850,E05006481,14
2851,E05006482,10
2852,E05006483,26
2853,E05006484,12
2854,E05006485,22
2855,E05006486,15
2856,E05006487,10
2857,E05006488,12
2858,E05006490,17
2859,E05006491,10
2860,E05006493,9
2861,E05006494,4
2862,E05006495,6
2863,E05006496,3
2864,E05006497,11
2865,E05006498,5
2866,E05006499,9
2867,E05006501,17
2868,E05006503,8
2869,E05006506,12
2870,E05006507,7
2871,E05006508,24
2872,E05006509,14
2873,E05006510,18
2874,E05006511,16
2875,E05006512,5
2876,E05006513,13
2877,E05006515,13
2878,E05006516,13
2879,E05006517,11
2880,E05006518,12
2881,E05006519,10
2882,E05006520,26
2883,E05006521,16
2884,E05006522,9
2885,E05006523,15
2886,E05006524,3
2887,E05006525,3
2888,E05006526,12
2889,E05006527,10
2890,E05006528,12
2891,E05006529,11
2892,E05006530,29
2893,E05006531,9
2894,E05006532,24
2895,E05006533,19
2896,E05006534,17
2897,E05006535,15
2898,E05006538,1
2899,E05006539,12
2900,E05006540,6
2901,E05006541,20
2902,E05006542,25
2903,E05006543,16
2904,E05006555,1
2905,E05006569,13
2906,E05006570,27
2907,E05006571,35
2908,E05006572,29
2909,E05006573,11
2910,E05006575,25
2911,E05006576,32
2912,E05006577,15
2913,E05006578,19
2914,E05006579,7
2915,E05006580,6
2916,E05006581,3
2917,E05006582,17
2918,E05006583,20
2919,E05006585,22
2920,E05006586,18
2921,E05006589,7
2922,E05006594,22
2923,E05006595,22
2924,E05006596,25
2925,E05006598,31
2926,E05006599,6
2927,E05006600,18
2928,E05006601,18
2929,E05006602,13
2930,E05006603,15
2931,E05006604,14
2932,E05006605,9
2933,E05006606,19
2934,E05006607,6
2935,E05006608,14
2936,E05006610,20
2937,E05006611,27
2938,E05006612,16
2939,E05006613,24
2940,E05006614,29
2941,E05006616,14
2942,E05006617,12
2943,E05006618,24
2944,E05006620,6
2945,E05006623,11
2946,E05006624,20
2947,E05006625,19
2948,E05006626,17
2949,E05006627,9
2950,E05006629,26
2951,E05006630,22
2952,E05006631,22
2953,E05006632,4
2954,E05006633,10
2955,E05006634,15
2956,E05006638,5
2957,E05006639,26
2958,E05006640,21
2959,E05006641,22
2960,E05006642,1
2961,E05006644,9
2962,E05006645,22
2963,E05006646,28
2964,E05006648,9
2965,E05006649,24
2966,E05006650,11
2967,E05006651,9
2968,E05006652,6
2969,E05006653,26
2970,E05006760,8
2971,E05006762,11
2972,E05006763,6
2973,E05006766,6
2974,E05006769,11
2975,E05006770,19
2976,E05006771,8
2977,E05006772,18
2978,E05006773,3
2979,E05006774,8
2980,E05006779,3
2981,E05006780,6
2982,E05006781,6
2983,E05006782,7
2984,E05006786,14
2985,E05006787,16
2986,E05006788,4
2987,E05006819,14
2988,E05006820,2
2989,E05006821,20
2990,E05006822,12
2991,E05006823,12
2992,E05006824,20
2993,E05006825,13
2994,E05006826,1
2995,E05006827,9
2996,E05006828,5
2997,E05006829,12
2998,E05006830,5
2999,E05006831,35
3000,E05006832,30
3001,E05006833,9
3002,E05006834,13
3003,E05006835,13
3004,E05006836,15
3005,E05006837,7
3006,E05006838,13
3007,E05006839,8
3008,E05006840,18
3009,E05006842,17
3010,E05006843,15
3011,E05006844,18
3012,E05006845,7
3013,E05006846,21
3014,E05006847,9
3015,E05006848,5
3016,E05006849,20
3017,E05006850,30
3018,E05006852,13
3019,E05006853,25
3020,E05006854,2
3021,E05006855,11
3022,E05006856,19
3023,E05006857,13
3024,E05006860,2
3025,E05006861,6
3026,E05006864,9
3027,E05006879,14
3028,E05006880,9
3029,E05006881,13
3030,E05006883,9
3031,E05006902,6
3032,E05006903,3
3033,E05006904,3
3034,E05006905,11
3035,E05006906,5
3036,E05006907,18
3037,E05006908,4
3038,E05006909,2
3039,E05006910,7
3040,E05006911,6
3041,E05006912,5
3042,E05006913,2
3043,E05006914,10
3044,E05006915,10
3045,E05006916,8
3046,E05006917,14
3047,E05006918,4
3048,E05006919,25
3049,E05006920,15
3050,E05006921,14
3051,E05006922,6
3052,E05006923,12
3053,E05006924,12
3054,E05006925,6
3055,E05006926,4
3056,E05006927,8
3057,E05006928,19
3058,E05006929,11
3059,E05006930,9
3060,E05006931,9
3061,E05006932,16
3062,E05006933,18
3063,E05006934,22
3064,E05006936,13
3065,E05006937,15
3066,E05006939,18
3067,E05006940,8
3068,E05006941,12
3069,E05006945,6
3070,E05006948,10
3071,E05006949,11
3072,E05006952,1
3073,E05006953,9
3074,E05006954,19
3075,E05006956,10
3076,E05006958,13
3077,E05006959,12
3078,E05006961,39
3079,E05006963,9
3080,E05006989,14
3081,E05006990,1
3082,E05006994,6
3083,E05006995,7
3084,E05006999,6
3085,E05007002,14
3086,E05007003,7
3087,E05007004,6
3088,E05007009,23
3089,E05007013,23
3090,E05007014,8
3091,E05007015,12
3092,E05007016,7
3093,E05007017,7
3094,E05007018,1
3095,E05007019,25
3096,E05007020,14
3097,E05007021,8
3098,E05007022,18
3099,E05007023,23
3100,E05007024,8
3101,E05007025,14
3102,E05007026,18
3103,E05007027,11
3104,E05007028,32
3105,E05007029,13
3106,E05007030,5
3107,E05007031,16
3108,E05007032,13
3109,E05007033,15
3110,E05007034,13
3111,E05007035,9
3112,E05007036,14
3113,E05007037,9
3114,E05007038,19
3115,E05007039,2
3116,E05007047,4
3117,E05007049,2
3118,E05007050,5
3119,E05007051,13
3120,E05007052,16
3121,E05007053,10
3122,E05007054,13
3123,E05007055,8
3124,E05007056,8
3125,E05007057,9
3126,E05007058,6
3127,E05007059,11
3128,E05007060,13
3129,E05007061,14
3130,E05007062,19
3131,E05007063,18
3132,E05007064,11
3133,E05007076,6
3134,E05007078,16
3135,E05007081,10
3136,E05007082,21
3137,E05007084,10
3138,E05007085,13
3139,E05007086,5
3140,E05007090,8
3141,E05007091,3
3142,E05007092,22
3143,E05007096,18
3144,E05007099,4
3145,E05007100,9
3146,E05007101,28
3147,E05007102,21
3148,E05007104,12
3149,E05007105,4
3150,E05007106,10
3151,E05007108,5
3152,E05007109,9
3153,E05007110,13
3154,E05007111,12
3155,E05007112,8
3156,E05007113,3
3157,E05007133,15
3158,E05007134,21
3159,E05007138,15
3160,E05007139,18
3161,E05007140,12
3162,E05007141,15
3163,E05007142,20
3164,E05007143,17
3165,E05007144,9
3166,E05007145,15
3167,E05007146,16
3168,E05007148,16
3169,E05007149,14
3170,E05007150,18
3171,E05007151,37
3172,E05007152,10
3173,E05007153,18
3174,E05007154,19
3175,E05007155,8
3176,E05007156,4
3177,E05007157,22
3178,E05007158,13
3179,E05007159,26
3180,E05007160,19
3181,E05007161,13
3182,E05007162,20
3183,E05007163,19
3184,E05007164,15
3185,E05007165,17
3186,E05007166,15
3187,E05007167,17
3188,E05007168,8
3189,E05007169,9
3190,E05007170,12
3191,E05007171,10
3192,E05007172,15
3193,E05007177,12
3194,E05007178,10
3195,E05007179,10
3196,E05007181,6
3197,E05007182,12
3198,E05007183,4
3199,E05007184,11
3200,E05007185,18
3201,E05007186,11
3202,E05007187,11
3203,E05007188,5
3204,E05007189,12
3205,E05007190,5
3206,E05007191,7
3207,E05007192,8
3208,E05007194,25
3209,E05007195,30
3210,E05007196,3
3211,E05007197,12
3212,E05007198,10
3213,E05007199,16
3214,E05007200,15
3215,E05007201,5
3216,E05007202,36
3217,E05007203,17
3218,E05007204,21
3219,E05007205,17
3220,E05007208,15
3221,E05007209,18
3222,E05007210,4
3223,E05007211,13
3224,E05007212,23
3225,E05007213,21
3226,E05007214,20
3227,E05007215,32
3228,E05007216,15
3229,E05007217,10
3230,E05007219,23
3231,E05007220,16
3232,E05007221,12
3233,E05007222,14
3234,E05007223,19
3235,E05007224,24
3236,E05007225,14
3237,E05007227,14
3238,E05007228,14
3239,E05007229,12
3240,E05007230,11
3241,E05007231,20
3242,E05007232,9
3243,E05007233,12
3244,E05007234,12
3245,E05007235,20
3246,E05007236,13
3247,E05007237,14
3248,E05007238,11
3249,E05007239,9
3250,E05007240,9
3251,E05007241,8
3252,E05007242,7
3253,E05007243,12
3254,E05007244,7
3255,E05007245,38
3256,E05007246,37
3257,E05007247,16
3258,E05007248,2
3259,E05007249,20
3260,E05007250,18
3261,E05007251,25
3262,E05007252,30
3263,E05007253,16
3264,E05007254,32
3265,E05007255,10
3266,E05007256,15
3267,E05007257,18
3268,E05007262,29
3269,E05007263,24
3270,E05007264,12
3271,E05007266,6
3272,E05007267,24
3273,E05007268,8
3274,E05007269,7
3275,E05007270,8
3276,E05007271,9
3277,E05007272,23
3278,E05007273,11
3279,E05007274,21
3280,E05007275,8
3281,E05007277,12
3282,E05007278,6
3283,E05007279,15
3284,E05007280,3
3285,E05007281,20
3286,E05007282,9
3287,E05007283,28
3288,E05007284,14
3289,E05007285,12
3290,E05007286,18
3291,E05007287,10
3292,E05007288,16
3293,E05007291,26
3294,E05007292,9
3295,E05007295,21
3296,E05007299,10
3297,E05007300,14
3298,E05007301,16
3299,E05007308,16
3300,E05007309,19
3301,E05007310,23
3302,E05007312,24
3303,E05007313,25
3304,E05007314,7
3305,E05007320,10
3306,E05007321,13
3307,E05007323,31
3308,E05007324,22
3309,E05007335,13
3310,E05007338,4
3311,E05007339,2
3312,E05007346,31
3313,E05007347,17
3314,E05007348,13
3315,E05007349,8
3316,E05007350,13
3317,E05007351,13
3318,E05007352,12
3319,E05007353,9
3320,E05007354,17
3321,E05007355,17
3322,E05007356,8
3323,E05007357,20
3324,E05007358,10
3325,E05007359,18
3326,E05007360,22
3327,E05007361,14
3328,E05007362,14
3329,E05007363,11
3330,E05007364,12
3331,E05007365,17
3332,E05007366,17
3333,E05007367,11
3334,E05007368,23
3335,E05007369,28
3336,E05007370,9
3337,E05007371,11
3338,E05007372,9
3339,E05007373,9
3340,E05007374,22
3341,E05007375,22
3342,E05007376,9
3343,E05007377,19
3344,E05007378,7
3345,E05007379,15
3346,E05007380,19
3347,E05007381,18
3348,E05007382,18
3349,E05007383,5
3350,E05007384,18
3351,E05007385,14
3352,E05007386,13
3353,E05007387,15
3354,E05007388,8
3355,E05007389,13
3356,E05007390,21
3357,E05007392,6
3358,E05007393,7
3359,E05007396,1
3360,E05007402,12
3361,E05007410,1
3362,E05007411,4
3363,E05007414,2
3364,E05007419,12
3365,E05007420,1
3366,E05007423,2
3367,E05007424,9
3368,E05007426,1
3369,E05007427,15
3370,E05007428,27
3371,E05007434,26
3372,E05007435,42
3373,E05007436,16
3374,E05007440,10
3375,E05007441,11
3376,E05007442,14
3377,E05007443,4
3378,E05007444,8
3379,E05007445,20
3380,E05007446,32
3381,E05007447,16
3382,E05007448,14
3383,E05007449,19
3384,E05007450,4
3385,E05007451,24
3386,E05007452,13
3387,E05007453,5
3388,E05007454,26
3389,E05007455,14
3390,E05007456,17
3391,E05007457,1
3392,E05007460,1
3393,E05007467,5
3394,E05007474,17
3395,E05007475,3
3396,E05007476,2
3397,E05007477,1
3398,E05007478,6
3399,E05007479,9
3400,E05007480,3
3401,E05007482,14
3402,E05007483,6
3403,E05007484,4
3404,E05007485,6
3405,E05007486,17
3406,E05007487,7
3407,E05007488,14
3408,E05007489,11
3409,E05007490,10
3410,E05007491,12
3411,E05007492,17
3412,E05007493,10
3413,E05007494,21
3414,E05007495,8
3415,E05007496,5
3416,E05007497,37
3417,E05007498,29
3418,E05007500,12
3419,E05007501,13
3420,E05007502,5
3421,E05007503,6
3422,E05007504,12
3423,E05007505,13
3424,E05007506,16
3425,E05007507,9
3426,E05007508,2
3427,E05007510,5
3428,E05007512,7
3429,E05007515,18
3430,E05007517,8
3431,E05007519,19
3432,E05007520,13
3433,E05007524,17
3434,E05007525,16
3435,E05007526,8
3436,E05007528,25
3437,E05007530,11
3438,E05007531,15
3439,E05007532,18
3440,E05007534,37
3441,E05007535,7
3442,E05007543,7
3443,E05007544,9
3444,E05007545,37
3445,E05007546,19
3446,E05007547,5
3447,E05007548,18
3448,E05007549,6
3449,E05007550,15
3450,E05007551,28
3451,E05007552,25
3452,E05007554,19
3453,E05007557,14
3454,E05007558,39
3455,E05007559,37
3456,E05007560,11
3457,E05007561,18
3458,E05007562,6
3459,E05007564,4
3460,E05007565,7
3461,E05007566,7
3462,E05007567,12
3463,E05007568,10
3464,E05007569,4
3465,E05007570,5
3466,E05007571,15
3467,E05007572,12
3468,E05007573,1
3469,E05007574,15
3470,E05007575,8
3471,E05007576,11
3472,E05007577,15
3473,E05007578,19
3474,E05007579,29
3475,E05007580,26
3476,E05007581,10
3477,E05007582,7
3478,E05007583,6
3479,E05007584,16
3480,E05007585,12
3481,E05007586,10
3482,E05007587,17
3483,E05007588,10
3484,E05007589,7
3485,E05007590,13
3486,E05007591,13
3487,E05007592,16
3488,E05007593,5
3489,E05007594,5
3490,E05007595,10
3491,E05007596,9
3492,E05007597,6
3493,E05007598,28
3494,E05007599,24
3495,E05007600,7
3496,E05007601,11
3497,E05007602,22
3498,E05007603,17
3499,E05007604,28
3500,E05007605,12
3501,E05007606,29
3502,E05007607,50
3503,E05007608,11
3504,E05007609,8
3505,E05007610,9
3506,E05007611,12
3507,E05007612,30
3508,E05007613,15
3509,E05007614,24
3510,E05007615,24
3511,E05007616,10
3512,E05007617,20
3513,E05007618,7
3514,E05007619,39
3515,E05007620,28
3516,E05007621,18
3517,E05007622,14
3518,E05007623,18
3519,E05007624,11
3520,E05007625,15
3521,E05007626,16
3522,E05007627,7
3523,E05007628,23
3524,E05007629,11
3525,E05007630,10
3526,E05007631,6
3527,E05007632,5
3528,E05007633,3
3529,E05007634,10
3530,E05007635,14
3531,E05007636,12
3532,E05007637,10
3533,E05007638,10
3534,E05007639,8
3535,E05007640,7
3536,E05007641,14
3537,E05007642,14
3538,E05007643,8
3539,E05007644,5
3540,E05007645,10
3541,E05007646,30
3542,E05007647,18
3543,E05007648,6
3544,E05007649,30
3545,E05007650,54
3546,E05007651,28
3547,E05007652,19
3548,E05007653,12
3549,E05007655,10
3550,E05007656,14
3551,E05007657,23
3552,E05007658,27
3553,E05007659,13
3554,E05007660,25
3555,E05007661,18
3556,E05007662,9
3557,E05007663,14
3558,E05007664,28
3559,E05007665,14
3560,E05007666,34
3561,E05007667,15
3562,E05007668,29
3563,E05007669,10
3564,E05007670,14
3565,E05007671,6
3566,E05007672,14
3567,E05007673,13
3568,E05007674,14
3569,E05007675,10
3570,E05007676,11
3571,E05007677,19
3572,E05007678,21
3573,E05007679,31
3574,E05007680,10
3575,E05007681,19
3576,E05007682,13
3577,E05007683,10
3578,E05007684,19
3579,E05007685,1
3580,E05007686,13
3581,E05007687,10
3582,E05007688,12
3583,E05007689,20
3584,E05007690,10
3585,E05007691,40
3586,E05007692,2
3587,E05007693,32
3588,E05007694,7
3589,E05007695,16
3590,E05007696,20
3591,E05007697,9
3592,E05007698,24
3593,E05007699,13
3594,E05007700,15
3595,E05007701,27
3596,E05007702,2
3597,E05007703,17
3598,E05007704,14
3599,E05007705,7
3600,E05007706,21
3601,E05007846,5
3602,E05007847,4
3603,E05007849,15
3604,E05007850,12
3605,E05007853,9
3606,E05007854,15
3607,E05007855,13
3608,E05007857,5
3609,E05007858,8
3610,E05007859,3
3611,E05007860,26
3612,E05007861,1
3613,E05007862,5
3614,E05007863,26
3615,E05007865,18
3616,E05007866,20
3617,E05007895,5
3618,E05007896,12
3619,E05007898,13
3620,E05007899,11
3621,E05007900,32
3622,E05007902,6
3623,E05007908,12
3624,E05007909,13
3625,E05007910,9
3626,E05007911,8
3627,E05007912,22
3628,E05007913,7
3629,E05007914,14
3630,E05007915,7
3631,E05007916,7
3632,E05007917,7
3633,E05007918,8
3634,E05007921,4
3635,E05007922,26
3636,E05007923,15
3637,E05007924,22
3638,E05007925,18
3639,E05007926,6
3640,E05007927,14
3641,E05007928,10
3642,E05007929,29
3643,E05007930,17
3644,E05007931,8
3645,E05007932,5
3646,E05007933,9
3647,E05007934,22
3648,E05007935,15
3649,E05007936,8
3650,E05007937,17
3651,E05007938,16
3652,E05007940,17
3653,E05007941,16
3654,E05007942,4
3655,E05007943,17
3656,E05007944,4
3657,E05007945,15
3658,E05007959,22
3659,E05007960,49
3660,E05007963,14
3661,E05007964,8
3662,E05007966,5
3663,E05007970,10
3664,E05007972,9
3665,E05007975,9
3666,E05007976,14
3667,E05007984,5
3668,E05007985,20
3669,E05007986,9
3670,E05007991,3
3671,E05007994,1
3672,E05008002,26
3673,E05008005,1
3674,E05008007,13
3675,E05008010,1
3676,E05008011,11
3677,E05008012,15
3678,E05008013,50
3679,E05008014,13
3680,E05008015,11
3681,E05008016,5
3682,E05008017,5
3683,E05008018,15
3684,E05008019,7
3685,E05008020,12
3686,E05008021,8
3687,E05008022,22
3688,E05008023,4
3689,E05008024,1
3690,E05008025,7
3691,E05008026,34
3692,E05008027,6
3693,E05008028,29
3694,E05008029,5
3695,E05008030,9
3696,E05008031,28
3697,E05008032,12
3698,E05008033,3
3699,E05008034,1
3700,E05008035,30
3701,E05008036,2
3702,E05008037,2
3703,E05008038,6
3704,E05008039,10
3705,E05008040,6
3706,E05008041,6
3707,E05008042,12
3708,E05008043,10
3709,E05008044,14
3710,E05008045,15
3711,E05008046,6
3712,E05008047,21
3713,E05008048,24
3714,E05008049,13
3715,E05008050,11
3716,E05008051,5
3717,E05008052,7
3718,E05008053,30
3719,E05008054,1
3720,E05008055,4
3721,E05008056,17
3722,E05008057,32
3723,E05008058,9
3724,E05008059,18
3725,E05008060,19
3726,E05008061,9
3727,E05008062,5
3728,E05008063,6
3729,E05008064,34
3730,E05008065,10
3731,E05008066,5
3732,E05008067,20
3733,E05008068,26
3734,E05008069,10
3735,E05008070,14
3736,E05008071,4
3737,E05008072,15
3738,E05008073,38
3739,E05008074,3
3740,E05008075,6
3741,E05008076,23
3742,E05008077,11
3743,E05008078,4
3744,E05008079,32
3745,E05008080,5
3746,E05008081,19
3747,E05008082,16
3748,E05008083,7
3749,E05008084,30
3750,E05008137,1
3751,E05008138,11
3752,E05008141,1
3753,E05008145,22
3754,E05008146,26
3755,E05008147,11
3756,E05008148,19
3757,E05008152,6
3758,E05008154,13
3759,E05008155,36
3760,E05008158,1
3761,E05008159,10
3762,E05008161,2
3763,E05008163,14
3764,E05008167,1
3765,E05008174,30
3766,E05008175,16
3767,E05008176,18
3768,E05008177,9
3769,E05008179,15
3770,E05008182,1
3771,E05008183,10
3772,E05008184,16
3773,E05008185,30
3774,E05008188,15
3775,E05008189,11
3776,E05008192,12
3777,E05008194,5
3778,E05008195,25
3779,E05008196,14
3780,E05008197,17
3781,E05008198,10
3782,E05008199,22
3783,E05008200,10
3784,E05008201,12
3785,E05008202,5
3786,E05008203,22
3787,E05008204,16
3788,E05008205,8
3789,E05008206,8
3790,E05008207,9
3791,E05008208,2
3792,E05008209,9
3793,E05008210,18
3794,E05008211,14
3795,E05008212,16
3796,E05008213,9
3797,E05008214,5
3798,E05008217,31
3799,E05008218,8
3800,E05008219,5
3801,E05008220,9
3802,E05008221,9
3803,E05008222,7
3804,E05008224,21
3805,E05008225,26
3806,E05008226,8
3807,E05008227,18
3808,E05008228,18
3809,E05008229,9
3810,E05008230,6
3811,E05008231,17
3812,E05008232,13
3813,E05008233,9
3814,E05008234,13
3815,E05008236,19
3816,E05008237,4
3817,E05008238,23
3818,E05008239,10
3819,E05008240,8
3820,E05008241,13
3821,E05008242,7
3822,E05008243,13
3823,E05008244,10
3824,E05008245,17
3825,E05008246,28
3826,E05008247,8
3827,E05008248,4
3828,E05008249,23
3829,E05008250,21
3830,E05008251,21
3831,E05008252,13
3832,E05008253,9
3833,E05008254,26
3834,E05008256,17
3835,E05008262,17
3836,E05008263,20
3837,E05008264,23
3838,E05008265,9
3839,E05008266,4
3840,E05008267,18
3841,E05008268,8
3842,E05008269,8
3843,E05008271,8
3844,E05008272,16
3845,E05008274,39
3846,E05008275,11
3847,E05008276,10
3848,E05008277,20
3849,E05008278,10
3850,E05008281,13
3851,E05008282,7
3852,E05008283,10
3853,E05008284,9
3854,E05008285,4
3855,E05008286,24
3856,E05008287,21
3857,E05008288,1
3858,E05008289,12
3859,E05008290,15
3860,E05008291,17
3861,E05008293,19
3862,E05008294,41
3863,E05008295,20
3864,E05008296,7
3865,E05008297,17
3866,E05008298,25
3867,E05008299,36
3868,E05008300,11
3869,E05008301,12
3870,E05008302,16
3871,E05008303,11
3872,E05008304,5
3873,E05008305,16
3874,E05008306,9
3875,E05008307,10
3876,E05008308,32
3877,E05008310,20
3878,E05008311,8
3879,E05008312,9
3880,E05008313,8
3881,E05008318,12
3882,E05008319,18
3883,E05008320,14
3884,E05008321,13
3885,E05008322,2
3886,E05008324,1
3887,E05008325,8
3888,E05008327,1
3889,E05008332,31
3890,E05008333,27
3891,E05008334,25
3892,E05008335,33
3893,E05008336,21
3894,E05008339,19
3895,E05008340,8
3896,E05008341,10
3897,E05008342,5
3898,E05008343,26
3899,E05008344,19
3900,E05008345,7
3901,E05008346,16
3902,E05008347,8
3903,E05008348,21
3904,E05008349,13
3905,E05008350,6
3906,E05008351,11
3907,E05008352,6
3908,E05008353,11
3909,E05008354,15
3910,E05008355,34
3911,E05008357,18
3912,E05008358,9
3913,E05008359,72
3914,E05008362,19
3915,E05008364,9
3916,E05008365,20
3917,E05008366,33
3918,E05008368,15
3919,E05008369,6
3920,E05008370,24
3921,E05008373,13
3922,E05008374,6
3923,E05008375,8
3924,E05008376,14
3925,E05008377,17
3926,E05008378,25
3927,E05008379,15
3928,E05008382,4
3929,E05008385,9
3930,E05008394,22
3931,E05008395,20
3932,E05008396,35
3933,E05008397,2
3934,E05008398,28
3935,E05008400,4
3936,E05008402,14
3937,E05008403,27
3938,E05008404,6
3939,E05008405,14
3940,E05008406,12
3941,E05008407,6
3942,E05008408,14
3943,E05008409,32
3944,E05008410,12
3945,E05008411,27
3946,E05008412,14
3947,E05008413,21
3948,E05008414,41
3949,E05008416,22
3950,E05008417,7
3951,E05008418,10
3952,E05008420,21
3953,E05008479,15
3954,E05008480,7
3955,E05008481,25
3956,E05008482,10
3957,E05008483,23
3958,E05008484,18
3959,E05008485,9
3960,E05008486,13
3961,E05008487,9
3962,E05008488,16
3963,E05008489,9
3964,E05008490,5
3965,E05008491,10
3966,E05008492,9
3967,E05008493,8
3968,E05008494,9
3969,E05008495,2
3970,E05008496,11
3971,E05008497,12
3972,E05008498,6
3973,E05008499,14
3974,E05008500,16
3975,E05008501,8
3976,E05008502,11
3977,E05008503,4
3978,E05008504,14
3979,E05008505,11
3980,E05008506,2
3981,E05008507,1
3982,E05008508,8
3983,E05008509,1
3984,E05008510,6
3985,E05008511,12
3986,E05008512,8
3987,E05008513,17
3988,E05008514,7
3989,E05008515,12
3990,E05008516,6
3991,E05008517,6
3992,E05008520,13
3993,E05008521,41
3994,E05008522,5
3995,E05008523,11
3996,E05008524,10
3997,E05008525,13
3998,E05008526,16
3999,E05008527,25
4000,E05008528,29
4001,E05008529,23
4002,E05008531,25
4003,E05008533,26
4004,E05008535,30
4005,E05008537,15
4006,E05008540,9
4007,E05008541,4
4008,E05008542,6
4009,E05008543,19
4010,E05008544,28
4011,E05008546,13
4012,E05008547,2
4013,E05008548,12
4014,E05008549,5
4015,E05008550,24
4016,E05008551,8
4017,E05008553,29
4018,E05008554,6
4019,E05008555,16
4020,E05008556,10
4021,E05008557,9
4022,E05008563,6
4023,E05008567,12
4024,E05008568,9
4025,E05008569,10
4026,E05008571,21
4027,E05008572,11
4028,E05008573,7
4029,E05008574,5
4030,E05008575,39
4031,E05008576,26
4032,E05008577,13
4033,E05008578,25
4034,E05008579,8
4035,E05008580,10
4036,E05008581,12
4037,E05008582,17
4038,E05008583,27
4039,E05008584,7
4040,E05008586,3
4041,E05008587,14
4042,E05008588,20
4043,E05008589,18
4044,E05008590,18
4045,E05008591,26
4046,E05008592,10
4047,E05008593,19
4048,E05008594,20
4049,E05008596,7
4050,E05008599,18
4051,E05008600,8
4052,E05008601,27
4053,E05008602,37
4054,E05008603,14
4055,E05008604,10
4056,E05008605,16
4057,E05008606,12
4058,E05008607,14
4059,E05008608,15
4060,E05008609,27
4061,E05008612,1
4062,E05008613,28
4063,E05008614,14
4064,E05008615,12
4065,E05008617,19
4066,E05008618,29
4067,E05008619,38
4068,E05008626,1
4069,E05008627,13
4070,E05008628,22
4071,E05008630,2
4072,E05008631,19
4073,E05008632,51
4074,E05008634,26
4075,E05008635,16
4076,E05008636,3
4077,E05008637,14
4078,E05008638,26
4079,E05008639,9
4080,E05008640,19
4081,E05008641,12
4082,E05008644,1
4083,E05008645,25
4084,E05008646,25
4085,E05008647,22
4086,E05008648,6
4087,E05008649,6
4088,E05008650,9
4089,E05008651,15
4090,E05008653,21
4091,E05008660,5
4092,E05008668,1
4093,E05008670,6
4094,E05008674,3
4095,E05008682,11
4096,E05008683,22
4097,E05008684,20
4098,E05008686,11
4099,E05008687,1
4100,E05008689,15
4101,E05008690,1
4102,E05008691,10
4103,E05008693,6
4104,E05008694,1
4105,E05008695,8
4106,E05008701,12
4107,E05008702,12
4108,E05008706,1
4109,E05008708,6
4110,E05008709,23
4111,E05008710,11
4112,E05008711,8
4113,E05008712,8
4114,E05008713,13
4115,E05008751,27
4116,E05008752,25
4117,E05008753,43
4118,E05008754,12
4119,E05008755,12
4120,E05008756,20
4121,E05008757,7
4122,E05008758,7
4123,E05008759,16
4124,E05008760,27
4125,E05008761,53
4126,E05008762,22
4127,E05008763,16
4128,E05008764,12
4129,E05008765,23
4130,E05008766,3
4131,E05008767,9
4132,E05008768,12
4133,E05008769,29
4134,E05008770,18
4135,E05008771,21
4136,E05008772,15
4137,E05008773,33
4138,E05008774,30
4139,E05008775,9
4140,E05008776,11
4141,E05008777,24
4142,E05008778,37
4143,E05008779,43
4144,E05008780,35
4145,E05008781,11
4146,E05008782,9
4147,E05008783,20
4148,E05008785,38
4149,E05008792,34
4150,E05008794,5
4151,E05008799,40
4152,E05008801,41
4153,E05008802,25
4154,E05008803,32
4155,E05008804,22
4156,E05008805,6
4157,E05008807,1
4158,E05008808,22
4159,E05008809,29
4160,E05008810,7
4161,E05008811,20
4162,E05008812,2
4163,E05008813,14
4164,E05008814,13
4165,E05008815,16
4166,E05008816,5
4167,E05008817,11
4168,E05008818,45
4169,E05008819,19
4170,E05008820,7
4171,E05008821,11
4172,E05008822,12
4173,E05008823,14
4174,E05008857,2
4175,E05008858,17
4176,E05008859,2
4177,E05008860,4
4178,E05008861,3
4179,E05008862,5
4180,E05008863,1
4181,E05008864,6
4182,E05008865,4
4183,E05008866,7
4184,E05008867,2
4185,E05008868,2
4186,E05008869,2
4187,E05008870,7
4188,E05008871,2
4189,E05008872,3
4190,E05008873,3
4191,E05008874,3
4192,E05008875,4
4193,E05008876,6
4194,E05008877,3
4195,E05008878,6
4196,E05008879,3
4197,E05008880,10
4198,E05008881,3
4199,E05008882,2
4200,E05008883,5
4201,E05008884,8
4202,E05008885,7
4203,E05008886,4
4204,E05008887,3
4205,E05008888,2
4206,E05008889,3
4207,E05008890,1
4208,E05008891,5
4209,E05008892,1
4210,E05008893,25
4211,E05008905,21
4212,E05008910,6
4213,E05008914,22
4214,E05008916,9
4215,E05008917,2
4216,E05008918,8
4217,E05008920,23
4218,E05008921,12
4219,E05008922,16
4220,E05008923,14
4221,E05008924,12
4222,E05008925,9
4223,E05008926,13
4224,E05008927,19
4225,E05008929,9
4226,E05008931,1
4227,E05008934,6
