,WD17CD,comparison_Number_of_charities
0,E05000026,1
1,E05000027,9
2,E05000028,23
3,E05000029,12
4,E05000030,12
5,E05000031,11
6,E05000033,24
7,E05000034,1
8,E05000036,18
9,E05000037,24
10,E05000038,8
11,E05000039,4
12,E05000040,20
13,E05000041,2
14,E05000042,28
15,E05000043,38
16,E05000044,31
17,E05000045,57
18,E05000046,32
19,E05000047,38
20,E05000048,37
21,E05000050,118
22,E05000051,17
23,E05000052,5
24,E05000053,18
25,E05000054,55
26,E05000055,168
27,E05000056,71
28,E05000057,82
29,E05000058,48
30,E05000059,68
31,E05000060,48
32,E05000061,50
33,E05000062,100
34,E05000063,57
35,E05000064,15
36,E05000065,2
37,E05000066,2
38,E05000067,8
39,E05000068,17
40,E05000069,35
41,E05000070,13
42,E05000071,30
43,E05000072,1
44,E05000073,5
45,E05000074,1
46,E05000075,33
47,E05000076,2
48,E05000077,10
49,E05000078,3
50,E05000079,32
51,E05000080,12
52,E05000081,8
53,E05000082,3
54,E05000083,5
55,E05000084,3
56,E05000085,23
57,E05000086,28
58,E05000087,32
59,E05000088,35
60,E05000089,8
61,E05000090,30
62,E05000093,31
63,E05000094,36
64,E05000095,46
65,E05000096,38
66,E05000097,28
67,E05000098,28
68,E05000099,33
69,E05000100,1
70,E05000101,30
71,E05000102,62
72,E05000103,18
73,E05000104,30
74,E05000105,8
75,E05000106,43
76,E05000107,1
77,E05000108,30
78,E05000109,91
79,E05000110,38
80,E05000111,46
81,E05000112,19
82,E05000113,47
83,E05000114,33
84,E05000115,26
85,E05000117,6
86,E05000118,32
87,E05000119,43
88,E05000120,39
89,E05000121,11
90,E05000122,50
91,E05000123,10
92,E05000124,30
93,E05000125,56
94,E05000126,26
95,E05000127,50
96,E05000128,60
97,E05000129,105
98,E05000130,76
99,E05000131,41
100,E05000132,47
101,E05000133,116
102,E05000134,37
103,E05000135,92
104,E05000136,34
105,E05000137,30
106,E05000138,7
107,E05000139,83
108,E05000140,48
109,E05000141,6
110,E05000142,134
111,E05000143,82
112,E05000144,46
113,E05000145,37
114,E05000146,20
115,E05000147,25
116,E05000148,40
117,E05000149,58
118,E05000150,27
119,E05000151,29
120,E05000152,50
121,E05000153,89
122,E05000154,14
123,E05000155,35
124,E05000156,44
125,E05000157,11
126,E05000159,59
127,E05000160,29
128,E05000161,39
129,E05000162,40
130,E05000163,36
131,E05000164,1
132,E05000165,41
133,E05000166,9
134,E05000167,33
135,E05000168,35
136,E05000169,9
137,E05000171,28
138,E05000172,11
139,E05000173,21
140,E05000174,1
141,E05000176,9
142,E05000177,18
143,E05000178,30
144,E05000181,11
145,E05000182,22
146,E05000183,28
147,E05000184,27
148,E05000185,25
149,E05000186,22
150,E05000187,24
151,E05000189,23
152,E05000190,34
153,E05000192,38
154,E05000193,19
155,E05000194,26
156,E05000195,35
157,E05000196,49
158,E05000197,17
159,E05000198,17
160,E05000199,30
161,E05000200,36
162,E05000201,11
163,E05000202,30
164,E05000203,3
165,E05000205,25
166,E05000206,39
167,E05000207,26
168,E05000208,30
169,E05000209,29
170,E05000210,45
171,E05000211,21
172,E05000212,35
173,E05000213,49
174,E05000214,36
175,E05000215,48
176,E05000216,28
177,E05000217,10
178,E05000218,25
179,E05000219,26
180,E05000220,23
181,E05000222,19
182,E05000223,25
183,E05000224,17
184,E05000225,4
185,E05000226,11
186,E05000229,1
187,E05000230,14
188,E05000250,30
189,E05000251,28
190,E05000252,45
191,E05000253,17
192,E05000254,23
193,E05000255,10
194,E05000257,26
195,E05000258,30
196,E05000259,33
197,E05000260,33
198,E05000261,8
199,E05000262,19
200,E05000263,40
201,E05000264,34
202,E05000265,23
203,E05000266,27
204,E05000267,29
205,E05000268,31
206,E05000270,27
207,E05000274,34
208,E05000275,26
209,E05000276,37
210,E05000277,37
211,E05000278,90
212,E05000280,74
213,E05000281,48
214,E05000282,27
215,E05000283,23
216,E05000284,28
217,E05000285,35
218,E05000286,67
219,E05000287,37
220,E05000288,75
221,E05000289,43
222,E05000290,32
223,E05000291,38
224,E05000292,41
225,E05000293,37
226,E05000294,24
227,E05000295,30
228,E05000296,37
229,E05000297,50
230,E05000298,24
231,E05000299,12
232,E05000300,22
233,E05000301,24
234,E05000302,22
235,E05000303,61
236,E05000304,21
237,E05000305,28
238,E05000306,23
239,E05000307,1
240,E05000309,3
241,E05000310,14
242,E05000312,26
243,E05000313,20
244,E05000314,22
245,E05000315,1
246,E05000316,13
247,E05000317,26
248,E05000318,1
249,E05000319,62
250,E05000320,1
251,E05000322,15
252,E05000323,1
253,E05000324,15
254,E05000325,20
255,E05000326,18
256,E05000327,27
257,E05000328,20
258,E05000329,39
259,E05000330,11
260,E05000331,24
261,E05000332,1
262,E05000333,1
263,E05000334,21
264,E05000335,64
265,E05000336,34
266,E05000337,12
267,E05000338,23
268,E05000339,36
269,E05000340,18
270,E05000341,34
271,E05000342,18
272,E05000343,23
273,E05000344,14
274,E05000345,17
275,E05000347,37
276,E05000350,22
277,E05000355,15
278,E05000356,18
279,E05000357,12
280,E05000358,43
281,E05000359,23
282,E05000360,23
283,E05000361,23
284,E05000362,31
285,E05000363,28
286,E05000364,30
287,E05000366,1
288,E05000367,7
289,E05000370,18
290,E05000374,26
291,E05000376,43
292,E05000377,9
293,E05000378,13
294,E05000380,1
295,E05000381,18
296,E05000400,21
297,E05000401,20
298,E05000402,33
299,E05000403,45
300,E05000404,14
301,E05000405,18
302,E05000406,16
303,E05000407,32
304,E05000408,49
305,E05000409,29
306,E05000410,26
307,E05000411,28
308,E05000412,17
309,E05000413,23
310,E05000414,24
311,E05000415,24
312,E05000416,130
313,E05000417,40
314,E05000418,25
315,E05000419,54
316,E05000420,64
317,E05000421,64
318,E05000423,30
319,E05000425,38
320,E05000426,43
321,E05000427,32
322,E05000428,1
323,E05000429,49
324,E05000430,27
325,E05000433,7
326,E05000434,6
327,E05000435,32
328,E05000436,66
329,E05000437,18
330,E05000438,20
331,E05000439,33
332,E05000440,40
333,E05000441,14
334,E05000442,28
335,E05000443,45
336,E05000445,4
337,E05000446,16
338,E05000447,3
339,E05000448,4
340,E05000449,35
341,E05000450,2
342,E05000451,49
343,E05000453,16
344,E05000454,16
345,E05000455,2
346,E05000456,11
347,E05000457,5
348,E05000458,43
349,E05000459,1
350,E05000460,19
351,E05000461,6
352,E05000462,2
353,E05000463,11
354,E05000464,8
355,E05000465,12
356,E05000466,12
357,E05000467,25
358,E05000468,19
359,E05000469,2
360,E05000470,21
361,E05000471,1
362,E05000472,1
363,E05000473,11
364,E05000474,1
365,E05000475,5
366,E05000476,3
367,E05000477,47
368,E05000478,39
369,E05000479,29
370,E05000481,19
371,E05000483,11
372,E05000484,13
373,E05000486,15
374,E05000487,25
375,E05000488,33
376,E05000489,34
377,E05000490,50
378,E05000491,33
379,E05000492,98
380,E05000494,35
381,E05000495,36
382,E05000496,34
383,E05000497,22
384,E05000498,25
385,E05000499,33
386,E05000500,30
387,E05000501,41
388,E05000502,22
389,E05000503,28
390,E05000504,16
391,E05000505,22
392,E05000506,19
393,E05000507,24
394,E05000508,19
395,E05000509,53
396,E05000510,23
397,E05000511,38
398,E05000512,22
399,E05000513,37
400,E05000514,45
401,E05000515,38
402,E05000518,1
403,E05000519,1
404,E05000520,9
405,E05000521,1
406,E05000522,12
407,E05000523,22
408,E05000524,47
409,E05000525,1
410,E05000526,24
411,E05000527,34
412,E05000528,33
413,E05000529,34
414,E05000530,2
415,E05000531,48
416,E05000532,18
417,E05000533,27
418,E05000534,59
419,E05000535,50
420,E05000536,286
421,E05000537,131
422,E05000538,1
423,E05000540,15
424,E05000541,11
425,E05000542,52
426,E05000543,1
427,E05000544,5
428,E05000546,1
429,E05000547,1
430,E05000548,102
431,E05000549,1
432,E05000550,15
433,E05000551,18
434,E05000552,3
435,E05000553,4
436,E05000554,1
437,E05000555,24
438,E05000556,33
439,E05000557,32
440,E05000558,31
441,E05000559,28
442,E05000560,38
443,E05000561,19
444,E05000562,20
445,E05000563,20
446,E05000564,37
447,E05000565,21
448,E05000566,14
449,E05000567,30
450,E05000568,13
451,E05000569,27
452,E05000570,30
453,E05000571,19
454,E05000572,10
455,E05000590,14
456,E05000591,21
457,E05000592,21
458,E05000595,32
459,E05000596,27
460,E05000597,20
461,E05000598,1
462,E05000599,27
463,E05000600,25
464,E05000601,40
465,E05000603,47
466,E05000604,31
467,E05000605,29
468,E05000606,27
469,E05000608,24
470,E05000609,41
471,E05000611,1
472,E05000612,2
473,E05000613,2
474,E05000614,1
475,E05000615,4
476,E05000616,2
477,E05000617,1
478,E05000618,1
479,E05000619,4
480,E05000620,21
481,E05000621,2
482,E05000622,3
483,E05000623,5
484,E05000625,4
485,E05000626,2
486,E05000630,52
487,E05000631,5
488,E05000632,115
489,E05000634,34
490,E05000635,1
491,E05000637,124
492,E05000640,3
493,E05000641,388
494,E05000642,15
495,E05000643,76
496,E05000644,25
497,E05000645,1
498,E05000646,1
499,E05000647,5
500,E05000648,6
501,E05000649,514
502,E05000650,24
503,E05000651,16
504,E05000652,8
505,E05000653,27
506,E05000654,26
507,E05000655,20
508,E05000656,38
509,E05000657,74
510,E05000658,14
511,E05000659,52
512,E05000660,19
513,E05000661,19
514,E05000662,19
515,E05000663,20
516,E05000664,7
517,E05000665,42
518,E05000666,18
519,E05000667,17
520,E05000668,15
521,E05000669,8
522,E05000670,9
523,E05000671,21
524,E05000672,46
525,E05000673,14
526,E05000674,17
527,E05000675,21
528,E05000676,23
529,E05000677,30
530,E05000678,15
531,E05000679,14
532,E05000680,10
533,E05000681,15
534,E05000682,20
535,E05000683,25
536,E05000684,113
537,E05000685,16
538,E05000686,14
539,E05000687,30
540,E05000688,56
541,E05000689,15
542,E05000690,27
543,E05000691,6
544,E05000692,22
545,E05000693,5
546,E05000694,1
547,E05000695,28
548,E05000696,32
549,E05000697,34
550,E05000699,30
551,E05000700,43
552,E05000701,21
553,E05000702,25
554,E05000703,26
555,E05000704,10
556,E05000705,1
557,E05000706,47
558,E05000707,36
559,E05000708,27
560,E05000709,24
561,E05000710,39
562,E05000711,18
563,E05000712,25
564,E05000713,13
565,E05000714,32
566,E05000715,17
567,E05000716,39
568,E05000717,20
569,E05000718,8
570,E05000719,18
571,E05000720,15
572,E05000721,10
573,E05000722,3
574,E05000723,25
575,E05000724,16
576,E05000725,11
577,E05000726,8
578,E05000727,10
579,E05000728,13
580,E05000729,14
581,E05000730,16
582,E05000731,33
583,E05000732,27
584,E05000733,12
585,E05000734,9
586,E05000735,36
587,E05000736,10
588,E05000737,13
589,E05000738,21
590,E05000741,3
591,E05000742,1
592,E05000743,7
593,E05000745,7
594,E05000747,1
595,E05000748,3
596,E05000749,2
597,E05000750,1
598,E05000752,15
599,E05000753,1
600,E05000754,19
601,E05000757,2
602,E05000758,9
603,E05000759,15
604,E05000760,17
605,E05000762,12
606,E05000763,1
607,E05000764,31
608,E05000765,8
609,E05000769,5
610,E05000770,12
611,E05000771,11
612,E05000772,11
613,E05000773,20
614,E05000774,5
615,E05000775,8
616,E05000776,2
617,E05000777,5
618,E05000778,14
619,E05000779,28
620,E05000780,47
621,E05000781,21
622,E05000782,19
623,E05000783,39
624,E05000784,52
625,E05000785,25
626,E05000786,34
627,E05000787,18
628,E05000788,17
629,E05000789,24
630,E05000790,27
631,E05000791,37
632,E05000792,31
633,E05000793,14
634,E05000794,35
635,E05000795,29
636,E05000796,18
637,E05000797,8
638,E05000798,11
639,E05000799,25
640,E05000800,25
641,E05000801,13
642,E05000802,7
643,E05000803,14
644,E05000804,14
645,E05000805,9
646,E05000806,10
647,E05000807,20
648,E05000808,2
649,E05000809,1
650,E05000810,1
651,E05000811,1
652,E05000813,1
653,E05000814,1
654,E05000815,24
655,E05000816,38
656,E05000819,1
657,E05000820,21
658,E05000821,3
659,E05000822,7
660,E05000823,17
661,E05000824,8
662,E05000825,38
663,E05000826,17
664,E05000827,9
665,E05000828,15
666,E05000829,23
667,E05000831,1
668,E05000832,31
669,E05000833,20
670,E05000834,20
671,E05000835,16
672,E05000836,22
673,E05000838,24
674,E05000839,2
675,E05000840,9
676,E05000841,11
677,E05000842,11
678,E05000843,11
679,E05000844,11
680,E05000845,15
681,E05000846,11
682,E05000847,16
683,E05000848,13
684,E05000849,15
685,E05000850,5
686,E05000851,5
687,E05000852,23
688,E05000853,10
689,E05000854,11
690,E05000855,22
691,E05000856,17
692,E05000857,14
693,E05000858,15
694,E05000859,26
695,E05000860,11
696,E05000861,33
697,E05000862,6
698,E05000863,16
699,E05000864,12
700,E05000886,29
701,E05000888,10
702,E05000889,11
703,E05000890,29
704,E05000891,51
705,E05000892,7
706,E05000894,29
707,E05000895,15
708,E05000897,6
709,E05000898,26
710,E05000899,2
711,E05000900,1
712,E05000901,20
713,E05000902,41
714,E05000903,6
715,E05000904,15
716,E05000905,5
717,E05000907,2
718,E05000908,16
719,E05000909,22
720,E05000910,12
721,E05000911,1
722,E05000912,33
723,E05000913,11
724,E05000914,25
725,E05000915,15
726,E05000916,14
727,E05000918,8
728,E05000920,10
729,E05000922,1
730,E05000923,1
731,E05000924,9
732,E05000926,26
733,E05000927,6
734,E05000928,7
735,E05000929,12
736,E05000932,31
737,E05000933,18
738,E05000934,35
739,E05000935,23
740,E05000936,39
741,E05000937,14
742,E05000938,51
743,E05000939,7
744,E05000940,44
745,E05000941,20
746,E05000942,28
747,E05000943,11
748,E05000944,27
749,E05000945,20
750,E05000946,10
751,E05000947,21
752,E05000948,14
753,E05000949,12
754,E05000950,29
755,E05000951,9
756,E05000952,16
757,E05000953,14
758,E05000956,2
759,E05000958,4
760,E05000959,2
761,E05000960,1
762,E05000961,1
763,E05000962,1
764,E05000963,1
765,E05000964,1
766,E05000965,1
767,E05000966,1
768,E05000968,1
769,E05000969,2
770,E05000972,1
771,E05000973,1
772,E05000975,1
773,E05000976,63
774,E05000977,6
775,E05000978,18
776,E05000979,12
777,E05000980,15
778,E05000981,6
779,E05000982,9
780,E05000983,16
781,E05000984,6
782,E05000985,12
783,E05000986,5
784,E05000987,10
785,E05000988,14
786,E05000989,39
787,E05000990,24
788,E05000991,16
789,E05000992,8
790,E05000993,6
791,E05000994,10
792,E05000995,13
793,E05000996,10
794,E05001019,59
795,E05001020,19
796,E05001022,20
797,E05001023,15
798,E05001024,18
799,E05001025,14
800,E05001026,6
801,E05001027,17
802,E05001028,14
803,E05001029,14
804,E05001030,9
805,E05001031,11
806,E05001032,23
807,E05001033,8
808,E05001034,9
809,E05001035,22
810,E05001036,12
811,E05001037,12
812,E05001038,6
813,E05001067,7
814,E05001069,76
815,E05001071,9
816,E05001073,13
817,E05001074,5
818,E05001076,1
819,E05001077,10
820,E05001078,11
821,E05001079,20
822,E05001080,16
823,E05001082,1
824,E05001083,57
825,E05001088,1
826,E05001089,9
827,E05001090,14
828,E05001091,14
829,E05001092,5
830,E05001093,18
831,E05001094,10
832,E05001095,28
833,E05001096,34
834,E05001097,7
835,E05001098,9
836,E05001099,10
837,E05001100,2
838,E05001101,3
839,E05001102,20
840,E05001103,31
841,E05001104,46
842,E05001105,32
843,E05001106,16
844,E05001107,57
845,E05001108,11
846,E05001109,10
847,E05001110,7
848,E05001111,115
849,E05001112,66
850,E05001113,27
851,E05001114,7
852,E05001115,1
853,E05001116,3
854,E05001119,2
855,E05001123,1
856,E05001128,1
857,E05001129,1
858,E05001130,2
859,E05001131,1
860,E05001134,1
861,E05001135,5
862,E05001139,14
863,E05001142,2
864,E05001149,1
865,E05001150,1
866,E05001151,8
867,E05001153,16
868,E05001154,14
869,E05001155,17
870,E05001156,8
871,E05001157,13
872,E05001158,42
873,E05001159,16
874,E05001160,13
875,E05001161,21
876,E05001162,9
877,E05001163,3
878,E05001164,13
879,E05001165,9
880,E05001166,12
881,E05001167,23
882,E05001168,14
883,E05001169,2
884,E05001170,10
885,E05001171,16
886,E05001172,29
887,E05001173,1
888,E05001174,3
889,E05001175,1
890,E05001177,4
891,E05001178,28
892,E05001179,54
893,E05001180,23
894,E05001181,39
895,E05001182,20
896,E05001183,67
897,E05001184,43
898,E05001185,106
899,E05001186,35
900,E05001187,34
901,E05001188,47
902,E05001189,59
903,E05001190,11
904,E05001191,37
905,E05001192,28
906,E05001193,69
907,E05001194,20
908,E05001195,76
909,E05001196,88
910,E05001197,49
911,E05001198,38
912,E05001199,23
913,E05001200,29
914,E05001201,46
915,E05001202,35
916,E05001203,22
917,E05001204,24
918,E05001205,50
919,E05001206,45
920,E05001207,95
921,E05001208,45
922,E05001209,17
923,E05001210,33
924,E05001211,67
925,E05001212,37
926,E05001213,59
927,E05001214,60
928,E05001215,34
929,E05001217,40
930,E05001218,24
931,E05001219,25
932,E05001220,34
933,E05001221,42
934,E05001222,41
935,E05001223,28
936,E05001224,17
937,E05001225,20
938,E05001226,22
939,E05001227,22
940,E05001228,121
941,E05001229,26
942,E05001230,21
943,E05001231,52
944,E05001232,27
945,E05001233,24
946,E05001234,20
947,E05001235,26
948,E05001236,21
949,E05001237,23
950,E05001238,35
951,E05001239,12
952,E05001240,26
953,E05001242,14
954,E05001243,8
955,E05001244,22
956,E05001245,32
957,E05001246,24
958,E05001247,24
959,E05001248,14
960,E05001249,15
961,E05001250,14
962,E05001251,44
963,E05001252,36
964,E05001253,10
965,E05001254,51
966,E05001255,35
967,E05001256,17
968,E05001257,17
969,E05001258,39
970,E05001259,14
971,E05001260,12
972,E05001261,9
973,E05001262,11
974,E05001263,12
975,E05001264,14
976,E05001266,12
977,E05001267,12
978,E05001268,40
979,E05001269,14
980,E05001270,12
981,E05001271,11
982,E05001272,18
983,E05001273,42
984,E05001274,8
985,E05001275,6
986,E05001276,27
987,E05001277,10
988,E05001278,25
989,E05001279,18
990,E05001280,5
991,E05001282,4
992,E05001283,46
993,E05001284,52
994,E05001285,17
995,E05001286,15
996,E05001287,10
997,E05001288,37
998,E05001289,12
999,E05001290,6
1000,E05001291,54
1001,E05001292,15
1002,E05001293,39
1003,E05001294,47
1004,E05001295,59
1005,E05001296,17
1006,E05001297,25
1007,E05001298,24
1008,E05001299,29
1009,E05001300,11
1010,E05001301,30
1011,E05001302,17
1012,E05001303,10
1013,E05001304,14
1014,E05001305,9
1015,E05001306,11
1016,E05001307,9
1017,E05001308,8
1018,E05001310,32
1019,E05001311,25
1020,E05001312,14
1021,E05001313,8
1022,E05001314,15
1023,E05001315,8
1024,E05001316,78
1025,E05001318,15
1026,E05001319,1
1027,E05001320,1
1028,E05001323,24
1029,E05001324,1
1030,E05001326,8
1031,E05001327,12
1032,E05001329,20
1033,E05001330,6
1034,E05001331,21
1035,E05001332,7
1036,E05001333,46
1037,E05001334,18
1038,E05001335,49
1039,E05001336,6
1040,E05001337,26
1041,E05001338,20
1042,E05001340,1
1043,E05001341,1
1044,E05001342,1
1045,E05001343,1
1046,E05001344,14
1047,E05001345,61
1048,E05001346,20
1049,E05001347,113
1050,E05001348,9
1051,E05001349,2
1052,E05001350,6
1053,E05001351,20
1054,E05001352,25
1055,E05001354,3
1056,E05001356,1
1057,E05001358,34
1058,E05001359,63
1059,E05001360,4
1060,E05001361,23
1061,E05001362,1
1062,E05001364,26
1063,E05001365,19
1064,E05001366,1
1065,E05001367,15
1066,E05001368,5
1067,E05001369,1
1068,E05001370,2
1069,E05001371,26
1070,E05001372,33
1071,E05001373,22
1072,E05001374,32
1073,E05001375,20
1074,E05001376,20
1075,E05001377,32
1076,E05001378,17
1077,E05001379,11
1078,E05001380,27
1079,E05001381,20
1080,E05001382,28
1081,E05001383,35
1082,E05001384,11
1083,E05001386,77
1084,E05001387,22
1085,E05001389,28
1086,E05001390,3
1087,E05001392,6
1088,E05001396,58
1089,E05001397,43
1090,E05001398,1
1091,E05001401,29
1092,E05001402,37
1093,E05001405,61
1094,E05001407,36
1095,E05001409,3
1096,E05001410,71
1097,E05001411,4
1098,E05001413,30
1099,E05001414,6
1100,E05001417,53
1101,E05001418,1
1102,E05001419,66
1103,E05001420,149
1104,E05001422,2
1105,E05001423,2
1106,E05001424,35
1107,E05001425,1
1108,E05001426,6
1109,E05001427,30
1110,E05001428,1
1111,E05001429,67
1112,E05001430,8
1113,E05001432,27
1114,E05001434,14
1115,E05001435,2
1116,E05001436,1
1117,E05001437,2
1118,E05001438,1
1119,E05001440,53
1120,E05001441,1
1121,E05001442,13
1122,E05001443,2
1123,E05001444,32
1124,E05001446,6
1125,E05001447,1
1126,E05001448,21
1127,E05001449,9
1128,E05001450,12
1129,E05001451,23
1130,E05001453,17
1131,E05001454,25
1132,E05001455,22
1133,E05001456,21
1134,E05001457,20
1135,E05001458,17
1136,E05001459,34
1137,E05001460,52
1138,E05001461,29
1139,E05001462,24
1140,E05001463,19
1141,E05001464,21
1142,E05001505,1
1143,E05001506,1
1144,E05001508,5
1145,E05001509,3
1146,E05001511,4
1147,E05001514,1
1148,E05001517,6
1149,E05001518,9
1150,E05001519,1
1151,E05001522,11
1152,E05001523,3
1153,E05001524,1
1154,E05001533,1
1155,E05001538,2
1156,E05001539,1
1157,E05001551,1
1158,E05001552,1
1159,E05001577,14
1160,E05001578,6
1161,E05001579,8
1162,E05001580,2
1163,E05001581,7
1164,E05001582,21
1165,E05001583,5
1166,E05001584,8
1167,E05001585,4
1168,E05001586,9
1169,E05001587,6
1170,E05001588,4
1171,E05001589,3
1172,E05001590,14
1173,E05001591,4
1174,E05001592,6
1175,E05001593,17
1176,E05001594,4
1177,E05001595,6
1178,E05001596,6
1179,E05001597,6
1180,E05001620,15
1181,E05001621,8
1182,E05001622,17
1183,E05001623,17
1184,E05001624,8
1185,E05001625,4
1186,E05001626,5
1187,E05001627,9
1188,E05001628,5
1189,E05001629,13
1190,E05001630,15
1191,E05001631,2
1192,E05001632,2
1193,E05001633,1
1194,E05001634,21
1195,E05001635,26
1196,E05001636,8
1197,E05001637,10
1198,E05001638,52
1199,E05001639,4
1200,E05001640,8
1201,E05001641,28
1202,E05001642,8
1203,E05001643,10
1204,E05001644,3
1205,E05001645,6
1206,E05001646,5
1207,E05001647,10
1208,E05001648,4
1209,E05001649,4
1210,E05001650,3
1211,E05001651,5
1212,E05001652,10
1213,E05001653,4
1214,E05001654,8
1215,E05001655,4
1216,E05001656,8
1217,E05001657,2
1218,E05001658,7
1219,E05001659,17
1220,E05001660,11
1221,E05001661,4
1222,E05001662,11
1223,E05001663,2
1224,E05001664,18
1225,E05001665,13
1226,E05001666,11
1227,E05001667,9
1228,E05001668,3
1229,E05001669,15
1230,E05001670,6
1231,E05001671,42
1232,E05001672,14
1233,E05001673,6
1234,E05001674,7
1235,E05001675,4
1236,E05001676,9
1237,E05001677,102
1238,E05001678,19
1239,E05001679,16
1240,E05001680,15
1241,E05001681,8
1242,E05001682,20
1243,E05001683,6
1244,E05001684,3
1245,E05001685,9
1246,E05001686,29
1247,E05001687,5
1248,E05001688,3
1249,E05001689,3
1250,E05001690,3
1251,E05001692,4
1252,E05001693,1
1253,E05001695,1
1254,E05001697,1
1255,E05001698,3
1256,E05001699,1
1257,E05001700,9
1258,E05001701,6
1259,E05001702,2
1260,E05001703,3
1261,E05001704,4
1262,E05001705,2
1263,E05001706,2
1264,E05001707,1
1265,E05001708,1
1266,E05001710,5
1267,E05001711,3
1268,E05001712,5
1269,E05001714,1
1270,E05001717,1
1271,E05001719,1
1272,E05001724,1
1273,E05001726,1
1274,E05001729,19
1275,E05001731,26
1276,E05001732,2
1277,E05001733,3
1278,E05001734,2
1279,E05001735,3
1280,E05001738,1
1281,E05001739,1
1282,E05001740,1
1283,E05001743,4
1284,E05001767,2
1285,E05001768,2
1286,E05001770,54
1287,E05001772,1
1288,E05001773,1
1289,E05001775,13
1290,E05001776,1
1291,E05001777,6
1292,E05001778,5
1293,E05001779,28
1294,E05001782,1
1295,E05001783,1
1296,E05001810,10
1297,E05001814,3
1298,E05001815,2
1299,E05001817,1
1300,E05001819,12
1301,E05001820,1
1302,E05001821,1
1303,E05001822,49
1304,E05001823,10
1305,E05001824,14
1306,E05001825,53
1307,E05001826,13
1308,E05001827,32
1309,E05001828,89
1310,E05001829,14
1311,E05001830,26
1312,E05001833,23
1313,E05001834,35
1314,E05001835,12
1315,E05001836,41
1316,E05001837,62
1317,E05001838,68
1318,E05001839,33
1319,E05001840,23
1320,E05001841,29
1321,E05001935,75
1322,E05001936,41
1323,E05001937,27
1324,E05001938,21
1325,E05001939,19
1326,E05001940,2
1327,E05001941,1
1328,E05001942,2
1329,E05001943,20
1330,E05001944,17
1331,E05001945,1
1332,E05001946,1
1333,E05001949,26
1334,E05001950,13
1335,E05001951,16
1336,E05001952,22
1337,E05001954,18
1338,E05001955,11
1339,E05001956,29
1340,E05001957,13
1341,E05001958,12
1342,E05001959,3
1343,E05001960,10
1344,E05001962,16
1345,E05001964,4
1346,E05001965,10
1347,E05001966,12
1348,E05001967,18
1349,E05001968,14
1350,E05001969,12
1351,E05001970,11
1352,E05001971,30
1353,E05002043,1
1354,E05002044,1
1355,E05002045,2
1356,E05002046,1
1357,E05002047,1
1358,E05002048,1
1359,E05002049,3
1360,E05002050,2
1361,E05002051,13
1362,E05002055,13
1363,E05002056,2
1364,E05002062,1
1365,E05002064,1
1366,E05002066,2
1367,E05002069,1
1368,E05002071,2
1369,E05002072,1
1370,E05002074,1
1371,E05002075,1
1372,E05002077,1
1373,E05002078,19
1374,E05002079,40
1375,E05002080,32
1376,E05002081,19
1377,E05002082,11
1378,E05002083,16
1379,E05002084,11
1380,E05002085,11
1381,E05002086,30
1382,E05002087,38
1383,E05002088,8
1384,E05002089,17
1385,E05002090,22
1386,E05002091,26
1387,E05002092,23
1388,E05002093,16
1389,E05002094,74
1390,E05002095,18
1391,E05002096,22
1392,E05002097,24
1393,E05002098,29
1394,E05002099,14
1395,E05002100,13
1396,E05002101,7
1397,E05002102,26
1398,E05002103,10
1399,E05002104,14
1400,E05002105,19
1401,E05002106,23
1402,E05002107,27
1403,E05002108,14
1404,E05002109,18
1405,E05002110,28
1406,E05002111,8
1407,E05002112,32
1408,E05002113,26
1409,E05002114,22
1410,E05002115,42
1411,E05002116,26
1412,E05002117,19
1413,E05002118,2
1414,E05002119,4
1415,E05002120,23
1416,E05002121,14
1417,E05002122,15
1418,E05002123,2
1419,E05002124,21
1420,E05002125,19
1421,E05002126,14
1422,E05002127,11
1423,E05002128,15
1424,E05002129,19
1425,E05002130,20
1426,E05002193,19
1427,E05002194,40
1428,E05002195,9
1429,E05002196,17
1430,E05002197,7
1431,E05002198,20
1432,E05002199,7
1433,E05002200,26
1434,E05002201,16
1435,E05002202,22
1436,E05002203,12
1437,E05002204,9
1438,E05002205,14
1439,E05002206,18
1440,E05002207,30
1441,E05002208,70
1442,E05002209,19
1443,E05002210,11
1444,E05002211,18
1445,E05002212,15
1446,E05002213,21
1447,E05002214,25
1448,E05002215,20
1449,E05002216,17
1450,E05002217,13
1451,E05002218,44
1452,E05002219,27
1453,E05002220,8
1454,E05002221,8
1455,E05002222,16
1456,E05002223,19
1457,E05002224,24
1458,E05002225,19
1459,E05002226,13
1460,E05002227,17
1461,E05002228,17
1462,E05002229,1
1463,E05002231,1
1464,E05002234,1
1465,E05002235,2
1466,E05002240,2
1467,E05002244,2
1468,E05002245,3
1469,E05002248,2
1470,E05002249,18
1471,E05002250,11
1472,E05002251,24
1473,E05002252,24
1474,E05002253,10
1475,E05002254,10
1476,E05002255,9
1477,E05002256,27
1478,E05002257,15
1479,E05002258,27
1480,E05002259,7
1481,E05002260,21
1482,E05002261,62
1483,E05002262,16
1484,E05002263,28
1485,E05002264,36
1486,E05002265,26
1487,E05002266,38
1488,E05002267,9
1489,E05002268,13
1490,E05002269,17
1491,E05002270,23
1492,E05002271,23
1493,E05002272,1
1494,E05002274,1
1495,E05002275,1
1496,E05002282,1
1497,E05002287,1
1498,E05002288,6
1499,E05002289,25
1500,E05002290,31
1501,E05002291,1
1502,E05002292,35
1503,E05002293,21
1504,E05002298,5
1505,E05002299,1
1506,E05002301,2
1507,E05002303,3
1508,E05002305,40
1509,E05002307,16
1510,E05002308,14
1511,E05002309,1
1512,E05002311,14
1513,E05002312,1
1514,E05002313,1
1515,E05002314,2
1516,E05002316,10
1517,E05002319,99
1518,E05002320,2
1519,E05002321,22
1520,E05002322,9
1521,E05002323,43
1522,E05002325,7
1523,E05002326,14
1524,E05002327,1
1525,E05002328,37
1526,E05002329,26
1527,E05002330,34
1528,E05002332,27
1529,E05002334,26
1530,E05002349,29
1531,E05002350,35
1532,E05002351,52
1533,E05002352,22
1534,E05002353,28
1535,E05002354,43
1536,E05002355,18
1537,E05002356,23
1538,E05002357,6
1539,E05002358,19
1540,E05002359,21
1541,E05002360,15
1542,E05002361,6
1543,E05002362,18
1544,E05002363,1
1545,E05002364,20
1546,E05002365,19
1547,E05002366,19
1548,E05002367,42
1549,E05002368,14
1550,E05002369,28
1551,E05002370,25
1552,E05002371,23
1553,E05002372,6
1554,E05002373,2
1555,E05002374,31
1556,E05002376,18
1557,E05002381,14
1558,E05002382,20
1559,E05002383,1
1560,E05002384,17
1561,E05002385,26
1562,E05002387,13
1563,E05002388,4
1564,E05002389,22
1565,E05002390,21
1566,E05002391,6
1567,E05002392,11
1568,E05002393,1
1569,E05002394,1
1570,E05002396,1
1571,E05002420,32
1572,E05002421,32
1573,E05002422,38
1574,E05002423,51
1575,E05002424,38
1576,E05002425,18
1577,E05002426,26
1578,E05002427,20
1579,E05002428,1
1580,E05002429,37
1581,E05002430,28
1582,E05002431,43
1583,E05002432,42
1584,E05002433,43
1585,E05002434,122
1586,E05002436,32
1587,E05002437,24
1588,E05002438,38
1589,E05002439,28
1590,E05002440,24
1591,E05002441,18
1592,E05002442,9
1593,E05002443,73
1594,E05002444,9
1595,E05002445,30
1596,E05002446,26
1597,E05002447,18
1598,E05002448,11
1599,E05002449,14
1600,E05002450,19
1601,E05002451,46
1602,E05002452,6
1603,E05002453,26
1604,E05002454,35
1605,E05002455,3
1606,E05002456,3
1607,E05002457,2
1608,E05002458,1
1609,E05002463,1
1610,E05002465,2
1611,E05002466,1
1612,E05002467,1
1613,E05002468,2
1614,E05002470,1
1615,E05002630,11
1616,E05002631,25
1617,E05002632,17
1618,E05002633,29
1619,E05002634,22
1620,E05002635,9
1621,E05002636,9
1622,E05002637,12
1623,E05002638,16
1624,E05002639,45
1625,E05002640,34
1626,E05002641,9
1627,E05002642,14
1628,E05002643,1
1629,E05002644,17
1630,E05002645,4
1631,E05002646,34
1632,E05002647,5
1633,E05002648,9
1634,E05002649,27
1635,E05002650,1
1636,E05002651,6
1637,E05002652,21
1638,E05002653,14
1639,E05002654,5
1640,E05002675,2
1641,E05002676,2
1642,E05002677,21
1643,E05002678,2
1644,E05002679,2
1645,E05002682,12
1646,E05002683,1
1647,E05002684,20
1648,E05002685,24
1649,E05002687,1
1650,E05002688,1
1651,E05002690,37
1652,E05002691,19
1653,E05002698,1
1654,E05002699,2
1655,E05002700,1
1656,E05002702,28
1657,E05002703,30
1658,E05002704,84
1659,E05002705,16
1660,E05002706,30
1661,E05002707,25
1662,E05002708,24
1663,E05002709,114
1664,E05002710,67
1665,E05002711,64
1666,E05002712,31
1667,E05002713,24
1668,E05002714,71
1669,E05002715,45
1670,E05002716,12
1671,E05002718,13
1672,E05002719,14
1673,E05002720,8
1674,E05002721,48
1675,E05002722,11
1676,E05002723,13
1677,E05002724,10
1678,E05002725,25
1679,E05002726,24
1680,E05002727,17
1681,E05002728,13
1682,E05002729,4
1683,E05002730,8
1684,E05002731,21
1685,E05002732,14
1686,E05002733,11
1687,E05002734,1
1688,E05002767,13
1689,E05002769,1
1690,E05002779,2
1691,E05002781,1
1692,E05002784,1
1693,E05002786,9
1694,E05002790,22
1695,E05002791,4
1696,E05002793,7
1697,E05002794,22
1698,E05002800,7
1699,E05002801,3
1700,E05002802,4
1701,E05002803,22
1702,E05002804,1
1703,E05002806,1
1704,E05002807,5
1705,E05002808,1
1706,E05002809,1
1707,E05002810,32
1708,E05002811,17
1709,E05002812,3
1710,E05002813,8
1711,E05002814,1
1712,E05002815,1
1713,E05002817,5
1714,E05002819,16
1715,E05002821,5
1716,E05002822,1
1717,E05002823,6
1718,E05003114,1
1719,E05003115,12
1720,E05003116,12
1721,E05003117,1
1722,E05003128,7
1723,E05003130,14
1724,E05003133,3
1725,E05003136,1
1726,E05003137,6
1727,E05003138,10
1728,E05003139,1
1729,E05003140,13
1730,E05003141,21
1731,E05003142,12
1732,E05003143,16
1733,E05003144,26
1734,E05003146,1
1735,E05003149,1
1736,E05003155,1
1737,E05003158,13
1738,E05003159,10
1739,E05003160,7
1740,E05003161,13
1741,E05003162,10
1742,E05003163,48
1743,E05003164,6
1744,E05003165,35
1745,E05003166,10
1746,E05003167,15
1747,E05003168,6
1748,E05003169,7
1749,E05003170,11
1750,E05003171,13
1751,E05003172,9
1752,E05003173,4
1753,E05003174,11
1754,E05003175,26
1755,E05003176,18
1756,E05003177,6
1757,E05003178,21
1758,E05003179,8
1759,E05003191,1
1760,E05003192,1
1761,E05003195,1
1762,E05003197,1
1763,E05003199,1
1764,E05003200,1
1765,E05003204,1
1766,E05003205,11
1767,E05003210,1
1768,E05003211,1
1769,E05003213,1
1770,E05003215,10
1771,E05003218,1
1772,E05003229,1
1773,E05003232,8
1774,E05003234,1
1775,E05003235,4
1776,E05003236,27
1777,E05003237,2
1778,E05003238,7
1779,E05003239,20
1780,E05003240,1
1781,E05003242,12
1782,E05003243,1
1783,E05003247,5
1784,E05003248,6
1785,E05003249,48
1786,E05003250,16
1787,E05003251,20
1788,E05003252,3
1789,E05003253,13
1790,E05003254,4
1791,E05003255,9
1792,E05003256,4
1793,E05003257,4
1794,E05003258,8
1795,E05003259,7
1796,E05003260,3
1797,E05003261,11
1798,E05003263,17
1799,E05003264,1
1800,E05003265,12
1801,E05003266,26
1802,E05003267,1
1803,E05003268,20
1804,E05003270,1
1805,E05003272,1
1806,E05003275,23
1807,E05003281,9
1808,E05003286,11
1809,E05003287,19
1810,E05003290,1
1811,E05003296,15
1812,E05003297,17
1813,E05003300,12
1814,E05003301,2
1815,E05003302,3
1816,E05003303,11
1817,E05003305,7
1818,E05003306,6
1819,E05003307,2
1820,E05003308,6
1821,E05003309,5
1822,E05003312,5
1823,E05003313,4
1824,E05003314,1
1825,E05003319,1
1826,E05003320,1
1827,E05003321,5
1828,E05003323,9
1829,E05003324,6
1830,E05003325,6
1831,E05003326,24
1832,E05003327,9
1833,E05003328,8
1834,E05003329,11
1835,E05003330,3
1836,E05003331,3
1837,E05003332,7
1838,E05003333,9
1839,E05003334,5
1840,E05003335,7
1841,E05003336,5
1842,E05003337,6
1843,E05003338,8
1844,E05003339,28
1845,E05003340,21
1846,E05003341,25
1847,E05003342,10
1848,E05003343,12
1849,E05003344,2
1850,E05003345,10
1851,E05003346,6
1852,E05003347,21
1853,E05003348,15
1854,E05003349,4
1855,E05003350,19
1856,E05003351,17
1857,E05003352,9
1858,E05003353,12
1859,E05003354,2
1860,E05003355,35
1861,E05003356,6
1862,E05003359,23
1863,E05003360,37
1864,E05003361,20
1865,E05003362,12
1866,E05003363,9
1867,E05003364,1
1868,E05003365,15
1869,E05003366,25
1870,E05003417,17
1871,E05003418,10
1872,E05003419,14
1873,E05003420,14
1874,E05003421,5
1875,E05003422,7
1876,E05003423,8
1877,E05003424,22
1878,E05003425,5
1879,E05003426,2
1880,E05003427,9
1881,E05003428,13
1882,E05003429,6
1883,E05003430,6
1884,E05003431,6
1885,E05003432,8
1886,E05003433,13
1887,E05003434,7
1888,E05003435,4
1889,E05003436,6
1890,E05003438,10
1891,E05003439,5
1892,E05003440,2
1893,E05003441,16
1894,E05003460,1
1895,E05003461,1
1896,E05003462,28
1897,E05003463,35
1898,E05003464,19
1899,E05003465,2
1900,E05003467,9
1901,E05003468,12
1902,E05003469,18
1903,E05003470,24
1904,E05003471,17
1905,E05003472,14
1906,E05003476,1
1907,E05003481,17
1908,E05003484,3
1909,E05003487,8
1910,E05003489,30
1911,E05003510,12
1912,E05003511,9
1913,E05003514,1
1914,E05003516,2
1915,E05003519,1
1916,E05003524,1
1917,E05003525,11
1918,E05003528,1
1919,E05003529,2
1920,E05003533,1
1921,E05003536,2
1922,E05003540,1
1923,E05003541,3
1924,E05003543,2
1925,E05003552,2
1926,E05003554,1
1927,E05003555,1
1928,E05003557,1
1929,E05003591,2
1930,E05003594,2
1931,E05003595,1
1932,E05003596,2
1933,E05003597,5
1934,E05003599,27
1935,E05003600,21
1936,E05003601,1
1937,E05003602,1
1938,E05003603,29
1939,E05003604,16
1940,E05003606,1
1941,E05003607,1
1942,E05003608,1
1943,E05003610,18
1944,E05003611,1
1945,E05003614,22
1946,E05003616,1
1947,E05003617,1
1948,E05003618,1
1949,E05003622,1
1950,E05003628,1
1951,E05003630,1
1952,E05003662,1
1953,E05003665,1
1954,E05003770,2
1955,E05003771,14
1956,E05003772,26
1957,E05003773,10
1958,E05003774,13
1959,E05003775,11
1960,E05003776,10
1961,E05003777,11
1962,E05003778,4
1963,E05003779,7
1964,E05003780,7
1965,E05003781,13
1966,E05003782,9
1967,E05003783,13
1968,E05003784,14
1969,E05003920,1
1970,E05003921,3
1971,E05003924,2
1972,E05003925,1
1973,E05003927,1
1974,E05003929,2
1975,E05003932,1
1976,E05003933,1
1977,E05003937,1
1978,E05003940,1
1979,E05003943,1
1980,E05003944,1
1981,E05003945,14
1982,E05003946,19
1983,E05003947,21
1984,E05003948,4
1985,E05003949,22
1986,E05003950,31
1987,E05003951,24
1988,E05003952,43
1989,E05003953,21
1990,E05003954,7
1991,E05003955,12
1992,E05003956,28
1993,E05003960,14
1994,E05003962,1
1995,E05003966,1
1996,E05003967,1
1997,E05003968,1
1998,E05003969,1
1999,E05003970,1
2000,E05003973,1
2001,E05003977,2
2002,E05003979,1
2003,E05003985,15
2004,E05003986,5
2005,E05003987,1
2006,E05003988,16
2007,E05003989,1
2008,E05003990,12
2009,E05003991,4
2010,E05003992,24
2011,E05003993,7
2012,E05003994,19
2013,E05003995,2
2014,E05003997,4
2015,E05003998,1
2016,E05003999,44
2017,E05004001,1
2018,E05004002,1
2019,E05004003,16
2020,E05004009,2
2021,E05004011,1
2022,E05004012,1
2023,E05004014,17
2024,E05004015,6
2025,E05004017,1
2026,E05004018,1
2027,E05004019,23
2028,E05004020,2
2029,E05004021,1
2030,E05004022,4
2031,E05004023,1
2032,E05004024,1
2033,E05004025,1
2034,E05004026,2
2035,E05004027,1
2036,E05004032,1
2037,E05004033,2
2038,E05004034,3
2039,E05004035,1
2040,E05004036,1
2041,E05004067,1
2042,E05004070,3
2043,E05004076,23
2044,E05004077,1
2045,E05004078,1
2046,E05004079,1
2047,E05004080,7
2048,E05004082,14
2049,E05004083,6
2050,E05004084,6
2051,E05004085,5
2052,E05004086,4
2053,E05004087,13
2054,E05004088,6
2055,E05004089,3
2056,E05004090,10
2057,E05004091,4
2058,E05004092,14
2059,E05004093,6
2060,E05004094,15
2061,E05004095,12
2062,E05004096,25
2063,E05004097,18
2064,E05004098,51
2065,E05004099,32
2066,E05004100,13
2067,E05004101,12
2068,E05004102,14
2069,E05004103,23
2070,E05004104,14
2071,E05004105,47
2072,E05004106,26
2073,E05004107,65
2074,E05004108,9
2075,E05004109,14
2076,E05004110,3
2077,E05004111,14
2078,E05004112,15
2079,E05004113,8
2080,E05004114,13
2081,E05004115,13
2082,E05004116,12
2083,E05004117,13
2084,E05004118,16
2085,E05004119,21
2086,E05004147,5
2087,E05004148,10
2088,E05004149,24
2089,E05004150,6
2090,E05004151,15
2091,E05004152,16
2092,E05004154,1
2093,E05004155,14
2094,E05004157,13
2095,E05004158,7
2096,E05004160,2
2097,E05004165,1
2098,E05004166,7
2099,E05004170,9
2100,E05004172,3
2101,E05004174,4
2102,E05004175,6
2103,E05004176,4
2104,E05004177,2
2105,E05004178,12
2106,E05004185,1
2107,E05004187,1
2108,E05004189,1
2109,E05004190,8
2110,E05004191,9
2111,E05004192,7
2112,E05004193,8
2113,E05004194,8
2114,E05004195,7
2115,E05004196,5
2116,E05004197,23
2117,E05004198,10
2118,E05004199,15
2119,E05004200,12
2120,E05004201,13
2121,E05004202,7
2122,E05004203,15
2123,E05004204,8
2124,E05004205,13
2125,E05004206,25
2126,E05004226,7
2127,E05004228,9
2128,E05004231,1
2129,E05004232,25
2130,E05004237,9
2131,E05004245,1
2132,E05004248,3
2133,E05004249,1
2134,E05004250,2
2135,E05004251,1
2136,E05004259,21
2137,E05004291,1
2138,E05004292,2
2139,E05004294,1
2140,E05004295,3
2141,E05004299,3
2142,E05004301,1
2143,E05004303,1
2144,E05004306,1
2145,E05004307,1
2146,E05004336,1
2147,E05004340,2
2148,E05004341,1
2149,E05004343,4
2150,E05004346,1
2151,E05004348,1
2152,E05004350,2
2153,E05004352,1
2154,E05004353,1
2155,E05004354,1
2156,E05004355,1
2157,E05004357,1
2158,E05004359,2
2159,E05004360,1
2160,E05004361,7
2161,E05004362,2
2162,E05004412,16
2163,E05004418,20
2164,E05004420,6
2165,E05004425,2
2166,E05004430,2
2167,E05004431,1
2168,E05004433,1
2169,E05004436,1
2170,E05004440,2
2171,E05004444,7
2172,E05004445,1
2173,E05004446,1
2174,E05004448,17
2175,E05004451,1
2176,E05004456,1
2177,E05004463,1
2178,E05004465,1
2179,E05004466,1
2180,E05004467,15
2181,E05004469,2
2182,E05004471,1
2183,E05004474,1
2184,E05004475,8
2185,E05004476,2
2186,E05004477,4
2187,E05004478,6
2188,E05004479,5
2189,E05004482,1
2190,E05004483,1
2191,E05004484,1
2192,E05004489,15
2193,E05004491,1
2194,E05004494,1
2195,E05004500,1
2196,E05004502,1
2197,E05004504,1
2198,E05004506,1
2199,E05004512,1
2200,E05004517,1
2201,E05004522,1
2202,E05004523,2
2203,E05004530,1
2204,E05004532,1
2205,E05004537,1
2206,E05004542,1
2207,E05004547,1
2208,E05004566,6
2209,E05004567,9
2210,E05004568,17
2211,E05004569,6
2212,E05004570,17
2213,E05004572,18
2214,E05004573,1
2215,E05004575,11
2216,E05004576,35
2217,E05004577,10
2218,E05004578,5
2219,E05004579,19
2220,E05004582,1
2221,E05004584,2
2222,E05004585,1
2223,E05004586,1
2224,E05004587,1
2225,E05004588,1
2226,E05004593,2
2227,E05004598,1
2228,E05004599,1
2229,E05004601,2
2230,E05004605,2
2231,E05004606,1
2232,E05004608,2
2233,E05004610,3
2234,E05004611,1
2235,E05004629,3
2236,E05004631,1
2237,E05004632,1
2238,E05004633,1
2239,E05004634,2
2240,E05004635,4
2241,E05004639,4
2242,E05004640,1
2243,E05004641,1
2244,E05004642,3
2245,E05004643,2
2246,E05004646,4
2247,E05004648,1
2248,E05004691,16
2249,E05004692,5
2250,E05004694,20
2251,E05004695,19
2252,E05004696,11
2253,E05004697,26
2254,E05004698,25
2255,E05004699,20
2256,E05004700,40
2257,E05004701,26
2258,E05004702,18
2259,E05004703,10
2260,E05004704,14
2261,E05004705,25
2262,E05004706,3
2263,E05004707,23
2264,E05004708,22
2265,E05004709,9
2266,E05004710,13
2267,E05004712,1
2268,E05004713,1
2269,E05004714,22
2270,E05004715,3
2271,E05004716,2
2272,E05004717,1
2273,E05004718,1
2274,E05004721,10
2275,E05004722,18
2276,E05004723,10
2277,E05004724,1
2278,E05004726,1
2279,E05004728,2
2280,E05004729,1
2281,E05004730,5
2282,E05004732,1
2283,E05004733,7
2284,E05004734,8
2285,E05004735,1
2286,E05004738,1
2287,E05004742,1
2288,E05004743,1
2289,E05004744,1
2290,E05004746,32
2291,E05004747,23
2292,E05004748,18
2293,E05004749,9
2294,E05004750,32
2295,E05004751,12
2296,E05004753,1
2297,E05004756,32
2298,E05004757,16
2299,E05004758,19
2300,E05004759,34
2301,E05004760,28
2302,E05004761,21
2303,E05004762,4
2304,E05004763,19
2305,E05004764,8
2306,E05004765,6
2307,E05004766,16
2308,E05004767,31
2309,E05004768,31
2310,E05004769,49
2311,E05004770,10
2312,E05004771,19
2313,E05004772,9
2314,E05004773,43
2315,E05004774,10
2316,E05004775,17
2317,E05004776,20
2318,E05004777,14
2319,E05004778,20
2320,E05004779,44
2321,E05004780,7
2322,E05004781,20
2323,E05004782,17
2324,E05004783,13
2325,E05004784,14
2326,E05004785,19
2327,E05004786,16
2328,E05004787,37
2329,E05004789,21
2330,E05004790,27
2331,E05004791,29
2332,E05004792,16
2333,E05004793,34
2334,E05004794,15
2335,E05004795,13
2336,E05004796,32
2337,E05004797,26
2338,E05004798,30
2339,E05004799,93
2340,E05004800,15
2341,E05004801,12
2342,E05004802,20
2343,E05004803,46
2344,E05004804,32
2345,E05004805,7
2346,E05004806,10
2347,E05004807,2
2348,E05004808,7
2349,E05004810,7
2350,E05004811,21
2351,E05004812,12
2352,E05004813,14
2353,E05004814,3
2354,E05004815,14
2355,E05004816,6
2356,E05004817,9
2357,E05004869,1
2358,E05004871,2
2359,E05004872,1
2360,E05004873,1
2361,E05004874,14
2362,E05004875,1
2363,E05004879,1
2364,E05004883,2
2365,E05004887,1
2366,E05004893,1
2367,E05004895,3
2368,E05004896,1
2369,E05004897,1
2370,E05004926,6
2371,E05004927,14
2372,E05004928,3
2373,E05004929,10
2374,E05004930,21
2375,E05004931,4
2376,E05004932,20
2377,E05004933,6
2378,E05004934,12
2379,E05004935,14
2380,E05004936,9
2381,E05004937,15
2382,E05004938,8
2383,E05004940,21
2384,E05004941,17
2385,E05004942,15
2386,E05004943,3
2387,E05004946,1
2388,E05004947,1
2389,E05004948,2
2390,E05004949,51
2391,E05004952,2
2392,E05004954,1
2393,E05004955,1
2394,E05004956,1
2395,E05004957,2
2396,E05004958,2
2397,E05004962,1
2398,E05004963,1
2399,E05004967,10
2400,E05004969,1
2401,E05004973,2
2402,E05004984,2
2403,E05004985,2
2404,E05004986,4
2405,E05004989,1
2406,E05004994,2
2407,E05004999,1
2408,E05005000,2
2409,E05005001,9
2410,E05005002,1
2411,E05005003,1
2412,E05005004,1
2413,E05005006,2
2414,E05005010,16
2415,E05005011,11
2416,E05005012,2
2417,E05005013,16
2418,E05005014,16
2419,E05005016,18
2420,E05005017,7
2421,E05005018,2
2422,E05005027,1
2423,E05005028,1
2424,E05005029,1
2425,E05005031,7
2426,E05005032,2
2427,E05005082,5
2428,E05005083,18
2429,E05005084,1
2430,E05005087,12
2431,E05005088,19
2432,E05005089,9
2433,E05005091,8
2434,E05005093,10
2435,E05005096,1
2436,E05005098,13
2437,E05005100,8
2438,E05005102,15
2439,E05005103,8
2440,E05005130,2
2441,E05005132,9
2442,E05005133,1
2443,E05005134,77
2444,E05005136,12
2445,E05005140,26
2446,E05005141,30
2447,E05005142,41
2448,E05005143,13
2449,E05005144,9
2450,E05005145,25
2451,E05005146,7
2452,E05005147,15
2453,E05005148,15
2454,E05005149,39
2455,E05005150,2
2456,E05005151,2
2457,E05005158,1
2458,E05005165,13
2459,E05005166,13
2460,E05005167,7
2461,E05005168,12
2462,E05005169,15
2463,E05005170,12
2464,E05005171,17
2465,E05005172,8
2466,E05005173,4
2467,E05005174,19
2468,E05005175,8
2469,E05005176,3
2470,E05005177,6
2471,E05005178,14
2472,E05005179,13
2473,E05005180,12
2474,E05005181,6
2475,E05005182,1
2476,E05005183,5
2477,E05005184,13
2478,E05005185,14
2479,E05005186,7
2480,E05005187,19
2481,E05005188,24
2482,E05005189,5
2483,E05005190,8
2484,E05005191,5
2485,E05005192,5
2486,E05005193,9
2487,E05005194,8
2488,E05005195,12
2489,E05005196,5
2490,E05005197,6
2491,E05005198,13
2492,E05005199,18
2493,E05005200,4
2494,E05005201,15
2495,E05005202,4
2496,E05005203,7
2497,E05005204,8
2498,E05005205,14
2499,E05005206,7
2500,E05005207,25
2501,E05005208,5
2502,E05005209,7
2503,E05005210,2
2504,E05005211,4
2505,E05005212,10
2506,E05005213,3
2507,E05005214,1
2508,E05005215,11
2509,E05005216,9
2510,E05005217,6
2511,E05005218,8
2512,E05005219,6
2513,E05005220,12
2514,E05005221,18
2515,E05005250,14
2516,E05005251,1
2517,E05005252,9
2518,E05005253,13
2519,E05005254,6
2520,E05005255,4
2521,E05005256,1
2522,E05005260,2
2523,E05005261,4
2524,E05005262,2
2525,E05005264,6
2526,E05005265,8
2527,E05005266,3
2528,E05005267,5
2529,E05005268,7
2530,E05005269,20
2531,E05005270,20
2532,E05005271,6
2533,E05005272,10
2534,E05005273,27
2535,E05005274,7
2536,E05005275,17
2537,E05005276,28
2538,E05005277,11
2539,E05005278,12
2540,E05005279,7
2541,E05005280,7
2542,E05005281,9
2543,E05005282,17
2544,E05005283,43
2545,E05005284,7
2546,E05005285,35
2547,E05005286,16
2548,E05005287,16
2549,E05005288,15
2550,E05005289,40
2551,E05005290,7
2552,E05005291,6
2553,E05005292,15
2554,E05005293,7
2555,E05005294,2
2556,E05005295,13
2557,E05005296,4
2558,E05005297,20
2559,E05005298,7
2560,E05005299,7
2561,E05005300,6
2562,E05005301,4
2563,E05005302,9
2564,E05005303,6
2565,E05005304,14
2566,E05005305,7
2567,E05005306,8
2568,E05005308,8
2569,E05005309,1
2570,E05005310,10
2571,E05005311,20
2572,E05005312,13
2573,E05005313,12
2574,E05005314,5
2575,E05005315,7
2576,E05005316,7
2577,E05005317,11
2578,E05005319,6
2579,E05005320,19
2580,E05005321,1
2581,E05005322,13
2582,E05005324,15
2583,E05005326,11
2584,E05005328,14
2585,E05005329,10
2586,E05005357,6
2587,E05005358,20
2588,E05005359,11
2589,E05005360,5
2590,E05005361,9
2591,E05005362,7
2592,E05005363,16
2593,E05005364,1
2594,E05005365,6
2595,E05005366,12
2596,E05005367,17
2597,E05005368,1
2598,E05005369,7
2599,E05005370,20
2600,E05005371,12
2601,E05005372,4
2602,E05005373,14
2603,E05005374,5
2604,E05005375,14
2605,E05005376,7
2606,E05005377,12
2607,E05005378,6
2608,E05005379,9
2609,E05005380,9
2610,E05005381,16
2611,E05005408,7
2612,E05005409,15
2613,E05005410,22
2614,E05005411,3
2615,E05005412,20
2616,E05005413,2
2617,E05005414,24
2618,E05005416,2
2619,E05005417,18
2620,E05005418,1
2621,E05005419,4
2622,E05005420,7
2623,E05005422,4
2624,E05005423,6
2625,E05005424,19
2626,E05005426,13
2627,E05005427,1
2628,E05005428,17
2629,E05005429,8
2630,E05005430,4
2631,E05005431,13
2632,E05005437,1
2633,E05005442,1
2634,E05005443,12
2635,E05005445,21
2636,E05005448,2
2637,E05005449,8
2638,E05005450,14
2639,E05005451,1
2640,E05005452,12
2641,E05005453,20
2642,E05005454,15
2643,E05005457,5
2644,E05005458,2
2645,E05005459,4
2646,E05005460,1
2647,E05005461,9
2648,E05005462,18
2649,E05005463,21
2650,E05005464,2
2651,E05005466,2
2652,E05005471,1
2653,E05005475,7
2654,E05005476,28
2655,E05005477,20
2656,E05005480,1
2657,E05005481,8
2658,E05005483,1
2659,E05005485,12
2660,E05005486,14
2661,E05005488,1
2662,E05005489,1
2663,E05005492,18
2664,E05005493,10
2665,E05005494,12
2666,E05005495,1
2667,E05005496,1
2668,E05005499,5
2669,E05005504,1
2670,E05005506,1
2671,E05005508,2
2672,E05005509,1
2673,E05005510,1
2674,E05005531,7
2675,E05005532,13
2676,E05005533,11
2677,E05005534,16
2678,E05005535,9
2679,E05005540,1
2680,E05005618,12
2681,E05005619,25
2682,E05005620,15
2683,E05005621,18
2684,E05005622,17
2685,E05005623,26
2686,E05005624,16
2687,E05005626,20
2688,E05005627,2
2689,E05005629,12
2690,E05005630,8
2691,E05005631,5
2692,E05005632,5
2693,E05005633,4
2694,E05005634,2
2695,E05005635,1
2696,E05005637,6
2697,E05005641,1
2698,E05005643,5
2699,E05005644,11
2700,E05005649,1
2701,E05005655,1
2702,E05005660,1
2703,E05005758,2
2704,E05005759,1
2705,E05005760,3
2706,E05005762,1
2707,E05005764,7
2708,E05005765,8
2709,E05005767,12
2710,E05005768,13
2711,E05005769,14
2712,E05005770,1
2713,E05005773,17
2714,E05005777,9
2715,E05005778,13
2716,E05005779,7
2717,E05005780,11
2718,E05005781,9
2719,E05005782,23
2720,E05005783,1
2721,E05005784,1
2722,E05005785,1
2723,E05005788,1
2724,E05005789,1
2725,E05005796,1
2726,E05005797,2
2727,E05005798,1
2728,E05005801,2
2729,E05005805,2
2730,E05005812,1
2731,E05005815,1
2732,E05005818,1
2733,E05005821,1
2734,E05005825,1
2735,E05005826,1
2736,E05005827,1
2737,E05005828,1
2738,E05005830,1
2739,E05005833,1
2740,E05005835,2
2741,E05005848,1
2742,E05005852,1
2743,E05005864,1
2744,E05005865,1
2745,E05005866,1
2746,E05005868,1
2747,E05005873,1
2748,E05005875,1
2749,E05005876,2
2750,E05005877,19
2751,E05005878,23
2752,E05005879,13
2753,E05005880,31
2754,E05005881,20
2755,E05005882,119
2756,E05005883,12
2757,E05005884,25
2758,E05005885,18
2759,E05005886,90
2760,E05005887,40
2761,E05005888,12
2762,E05005889,14
2763,E05005890,14
2764,E05005893,1
2765,E05005895,20
2766,E05005897,2
2767,E05005898,15
2768,E05005899,9
2769,E05005901,2
2770,E05005902,12
2771,E05005903,1
2772,E05005904,1
2773,E05005905,2
2774,E05005906,1
2775,E05005910,1
2776,E05005912,10
2777,E05005914,2
2778,E05005916,35
2779,E05005917,1
2780,E05005918,2
2781,E05005919,1
2782,E05005922,17
2783,E05005924,1
2784,E05005965,8
2785,E05005966,13
2786,E05005971,12
2787,E05005972,20
2788,E05005974,40
2789,E05005975,19
2790,E05005991,1
2791,E05005993,1
2792,E05005996,1
2793,E05005998,3
2794,E05006001,2
2795,E05006003,1
2796,E05006027,1
2797,E05006028,2
2798,E05006029,12
2799,E05006033,27
2800,E05006036,1
2801,E05006037,14
2802,E05006038,11
2803,E05006039,25
2804,E05006040,21
2805,E05006044,1
2806,E05006046,11
2807,E05006047,1
2808,E05006048,1
2809,E05006050,1
2810,E05006191,25
2811,E05006198,26
2812,E05006238,8
2813,E05006239,18
2814,E05006241,12
2815,E05006242,12
2816,E05006243,20
2817,E05006244,36
2818,E05006245,18
2819,E05006246,17
2820,E05006247,25
2821,E05006248,10
2822,E05006249,68
2823,E05006250,14
2824,E05006251,35
2825,E05006252,18
2826,E05006254,17
2827,E05006255,10
2828,E05006256,11
2829,E05006257,27
2830,E05006258,1
2831,E05006259,20
2832,E05006260,20
2833,E05006261,9
2834,E05006262,26
2835,E05006263,8
2836,E05006264,18
2837,E05006265,20
2838,E05006266,12
2839,E05006267,12
2840,E05006268,17
2841,E05006269,18
2842,E05006270,11
2843,E05006271,15
2844,E05006272,6
2845,E05006273,16
2846,E05006274,1
2847,E05006275,18
2848,E05006278,7
2849,E05006279,5
2850,E05006281,11
2851,E05006282,7
2852,E05006283,5
2853,E05006284,15
2854,E05006285,14
2855,E05006286,3
2856,E05006287,8
2857,E05006289,1
2858,E05006290,15
2859,E05006295,6
2860,E05006300,1
2861,E05006301,1
2862,E05006302,3
2863,E05006305,1
2864,E05006310,1
2865,E05006312,2
2866,E05006316,1
2867,E05006318,3
2868,E05006320,1
2869,E05006321,1
2870,E05006323,1
2871,E05006326,1
2872,E05006330,1
2873,E05006331,1
2874,E05006335,2
2875,E05006378,8
2876,E05006379,14
2877,E05006380,1
2878,E05006381,1
2879,E05006383,1
2880,E05006385,1
2881,E05006386,1
2882,E05006388,3
2883,E05006395,5
2884,E05006396,5
2885,E05006397,11
2886,E05006398,8
2887,E05006399,7
2888,E05006400,25
2889,E05006401,11
2890,E05006545,13
2891,E05006546,5
2892,E05006547,129
2893,E05006548,22
2894,E05006549,17
2895,E05006550,17
2896,E05006551,30
2897,E05006552,17
2898,E05006553,27
2899,E05006554,66
2900,E05006555,19
2901,E05006556,29
2902,E05006557,27
2903,E05006558,20
2904,E05006559,32
2905,E05006560,64
2906,E05006561,5
2907,E05006562,24
2908,E05006563,19
2909,E05006564,37
2910,E05006565,48
2911,E05006566,32
2912,E05006567,52
2913,E05006568,28
2914,E05006627,16
2915,E05006628,22
2916,E05006629,2
2917,E05006637,37
2918,E05006642,40
2919,E05006643,16
2920,E05006645,2
2921,E05006646,11
2922,E05006647,15
2923,E05006649,2
2924,E05006653,2
2925,E05006760,12
2926,E05006761,21
2927,E05006763,12
2928,E05006764,18
2929,E05006765,17
2930,E05006766,15
2931,E05006767,12
2932,E05006768,17
2933,E05006771,1
2934,E05006775,16
2935,E05006776,15
2936,E05006777,8
2937,E05006778,9
2938,E05006779,7
2939,E05006780,13
2940,E05006781,15
2941,E05006782,8
2942,E05006783,12
2943,E05006784,26
2944,E05006785,10
2945,E05006786,1
2946,E05006787,1
2947,E05006789,15
2948,E05006790,29
2949,E05006791,5
2950,E05006792,17
2951,E05006793,11
2952,E05006819,1
2953,E05006820,29
2954,E05006823,1
2955,E05006824,1
2956,E05006825,20
2957,E05006832,2
2958,E05006835,2
2959,E05006836,1
2960,E05006837,13
2961,E05006841,13
2962,E05006842,1
2963,E05006843,2
2964,E05006845,1
2965,E05006846,1
2966,E05006847,1
2967,E05006848,23
2968,E05006850,1
2969,E05006851,23
2970,E05006852,3
2971,E05006853,1
2972,E05006854,1
2973,E05006855,1
2974,E05006857,2
2975,E05006858,18
2976,E05006859,29
2977,E05006860,19
2978,E05006861,8
2979,E05006862,14
2980,E05006863,16
2981,E05006864,1
2982,E05006865,16
2983,E05006866,17
2984,E05006867,8
2985,E05006868,19
2986,E05006869,18
2987,E05006870,17
2988,E05006871,18
2989,E05006872,18
2990,E05006873,14
2991,E05006874,9
2992,E05006875,12
2993,E05006876,33
2994,E05006877,9
2995,E05006878,13
2996,E05006879,1
2997,E05006880,1
2998,E05006882,14
2999,E05006883,18
3000,E05006904,1
3001,E05006906,1
3002,E05006907,1
3003,E05006909,1
3004,E05006910,1
3005,E05006917,2
3006,E05006918,1
3007,E05006919,1
3008,E05006920,2
3009,E05006924,3
3010,E05006927,1
3011,E05006928,1
3012,E05006931,1
3013,E05006934,1
3014,E05006935,13
3015,E05006936,1
3016,E05006937,4
3017,E05006964,10
3018,E05006965,7
3019,E05006966,3
3020,E05006967,13
3021,E05006968,9
3022,E05006969,4
3023,E05006970,12
3024,E05006971,4
3025,E05006972,11
3026,E05006973,6
3027,E05006974,7
3028,E05006975,23
3029,E05006976,22
3030,E05006977,17
3031,E05006978,7
3032,E05006979,2
3033,E05006980,5
3034,E05006981,3
3035,E05006982,4
3036,E05006983,2
3037,E05006984,6
3038,E05006985,15
3039,E05006986,15
3040,E05006987,6
3041,E05006988,6
3042,E05006989,5
3043,E05006990,5
3044,E05006991,13
3045,E05006992,14
3046,E05006993,15
3047,E05006994,1
3048,E05006996,6
3049,E05006997,6
3050,E05006998,7
3051,E05007000,30
3052,E05007001,8
3053,E05007003,1
3054,E05007005,6
3055,E05007006,2
3056,E05007007,6
3057,E05007008,13
3058,E05007010,14
3059,E05007011,17
3060,E05007012,2
3061,E05007039,1
3062,E05007040,5
3063,E05007041,3
3064,E05007042,3
3065,E05007043,10
3066,E05007044,2
3067,E05007045,7
3068,E05007046,15
3069,E05007048,5
3070,E05007053,2
3071,E05007057,8
3072,E05007058,5
3073,E05007059,1
3074,E05007060,3
3075,E05007061,1
3076,E05007064,1
3077,E05007065,4
3078,E05007066,13
3079,E05007067,8
3080,E05007068,6
3081,E05007069,14
3082,E05007070,8
3083,E05007071,15
3084,E05007072,9
3085,E05007073,8
3086,E05007074,7
3087,E05007075,10
3088,E05007076,12
3089,E05007077,14
3090,E05007078,3
3091,E05007079,16
3092,E05007080,25
3093,E05007081,5
3094,E05007083,21
3095,E05007086,1
3096,E05007087,15
3097,E05007088,14
3098,E05007089,19
3099,E05007091,5
3100,E05007092,1
3101,E05007093,17
3102,E05007094,28
3103,E05007095,20
3104,E05007096,15
3105,E05007097,8
3106,E05007098,15
3107,E05007099,1
3108,E05007103,22
3109,E05007106,1
3110,E05007107,4
3111,E05007109,3
3112,E05007112,2
3113,E05007113,2
3114,E05007114,10
3115,E05007115,15
3116,E05007116,14
3117,E05007117,78
3118,E05007118,20
3119,E05007119,8
3120,E05007120,17
3121,E05007121,8
3122,E05007122,20
3123,E05007123,17
3124,E05007124,17
3125,E05007125,19
3126,E05007126,18
3127,E05007127,39
3128,E05007128,6
3129,E05007129,9
3130,E05007130,42
3131,E05007131,6
3132,E05007132,13
3133,E05007135,12
3134,E05007136,12
3135,E05007137,14
3136,E05007142,1
3137,E05007143,1
3138,E05007144,15
3139,E05007147,14
3140,E05007148,1
3141,E05007149,2
3142,E05007151,1
3143,E05007152,2
3144,E05007153,1
3145,E05007157,2
3146,E05007158,5
3147,E05007159,1
3148,E05007160,2
3149,E05007163,1
3150,E05007167,3
3151,E05007169,2
3152,E05007171,1
3153,E05007173,9
3154,E05007174,7
3155,E05007175,10
3156,E05007176,5
3157,E05007178,3
3158,E05007180,5
3159,E05007182,1
3160,E05007184,3
3161,E05007185,1
3162,E05007187,1
3163,E05007190,1
3164,E05007191,1
3165,E05007192,8
3166,E05007193,15
3167,E05007228,1
3168,E05007229,1
3169,E05007230,1
3170,E05007231,1
3171,E05007232,1
3172,E05007234,1
3173,E05007237,1
3174,E05007242,1
3175,E05007245,2
3176,E05007246,1
3177,E05007247,1
3178,E05007248,2
3179,E05007249,1
3180,E05007250,2
3181,E05007276,11
3182,E05007279,6
3183,E05007280,1
3184,E05007281,1
3185,E05007283,1
3186,E05007284,1
3187,E05007286,1
3188,E05007289,19
3189,E05007290,18
3190,E05007291,19
3191,E05007292,1
3192,E05007293,62
3193,E05007294,67
3194,E05007296,27
3195,E05007297,6
3196,E05007298,29
3197,E05007299,14
3198,E05007300,2
3199,E05007302,34
3200,E05007303,6
3201,E05007304,29
3202,E05007305,53
3203,E05007306,14
3204,E05007307,18
3205,E05007309,1
3206,E05007310,2
3207,E05007311,8
3208,E05007312,1
3209,E05007313,1
3210,E05007314,2
3211,E05007315,38
3212,E05007316,41
3213,E05007317,15
3214,E05007318,40
3215,E05007319,23
3216,E05007320,1
3217,E05007322,15
3218,E05007325,18
3219,E05007326,13
3220,E05007327,22
3221,E05007328,18
3222,E05007329,30
3223,E05007330,31
3224,E05007331,21
3225,E05007332,21
3226,E05007333,14
3227,E05007334,19
3228,E05007336,27
3229,E05007337,26
3230,E05007338,7
3231,E05007340,27
3232,E05007341,34
3233,E05007342,52
3234,E05007343,24
3235,E05007344,5
3236,E05007345,12
3237,E05007346,1
3238,E05007350,1
3239,E05007354,2
3240,E05007356,1
3241,E05007358,1
3242,E05007360,2
3243,E05007363,1
3244,E05007366,2
3245,E05007371,1
3246,E05007374,1
3247,E05007377,2
3248,E05007379,1
3249,E05007388,3
3250,E05007390,2
3251,E05007391,13
3252,E05007392,20
3253,E05007394,23
3254,E05007395,18
3255,E05007396,38
3256,E05007397,25
3257,E05007398,29
3258,E05007399,20
3259,E05007400,14
3260,E05007401,14
3261,E05007402,2
3262,E05007403,17
3263,E05007404,13
3264,E05007405,19
3265,E05007406,10
3266,E05007407,8
3267,E05007408,9
3268,E05007409,35
3269,E05007410,15
3270,E05007411,6
3271,E05007412,18
3272,E05007413,28
3273,E05007414,22
3274,E05007415,13
3275,E05007416,17
3276,E05007417,18
3277,E05007418,16
3278,E05007419,8
3279,E05007420,53
3280,E05007421,9
3281,E05007422,5
3282,E05007423,15
3283,E05007424,4
3284,E05007425,14
3285,E05007426,18
3286,E05007427,2
3287,E05007429,8
3288,E05007430,34
3289,E05007431,16
3290,E05007432,12
3291,E05007433,29
3292,E05007434,2
3293,E05007437,13
3294,E05007438,8
3295,E05007439,26
3296,E05007457,6
3297,E05007458,6
3298,E05007459,9
3299,E05007460,11
3300,E05007461,4
3301,E05007462,6
3302,E05007463,13
3303,E05007464,23
3304,E05007465,5
3305,E05007466,16
3306,E05007468,5
3307,E05007469,8
3308,E05007470,10
3309,E05007471,5
3310,E05007472,8
3311,E05007473,5
3312,E05007479,1
3313,E05007480,1
3314,E05007481,13
3315,E05007485,3
3316,E05007486,1
3317,E05007488,1
3318,E05007490,1
3319,E05007569,1
3320,E05007571,2
3321,E05007572,2
3322,E05007602,1
3323,E05007603,1
3324,E05007604,1
3325,E05007605,1
3326,E05007606,1
3327,E05007607,4
3328,E05007612,1
3329,E05007614,3
3330,E05007615,2
3331,E05007618,1
3332,E05007619,2
3333,E05007620,3
3334,E05007624,1
3335,E05007625,1
3336,E05007626,1
3337,E05007628,2
3338,E05007635,1
3339,E05007636,1
3340,E05007637,1
3341,E05007638,1
3342,E05007639,1
3343,E05007641,1
3344,E05007642,1
3345,E05007647,11
3346,E05007649,3
3347,E05007651,2
3348,E05007652,1
3349,E05007654,25
3350,E05007655,1
3351,E05007658,1
3352,E05007659,1
3353,E05007660,1
3354,E05007667,1
3355,E05007668,2
3356,E05007670,5
3357,E05007672,1
3358,E05007674,1
3359,E05007678,1
3360,E05007679,2
3361,E05007684,1
3362,E05007685,20
3363,E05007687,2
3364,E05007688,1
3365,E05007689,1
3366,E05007691,1
3367,E05007692,44
3368,E05007696,2
3369,E05007699,1
3370,E05007700,1
3371,E05007704,2
3372,E05007705,1
3373,E05007706,1
3374,E05007846,27
3375,E05007847,9
3376,E05007848,18
3377,E05007851,13
3378,E05007852,13
3379,E05007853,3
3380,E05007854,2
3381,E05007855,3
3382,E05007856,10
3383,E05007857,3
3384,E05007858,1
3385,E05007859,14
3386,E05007861,10
3387,E05007862,14
3388,E05007864,25
3389,E05007865,1
3390,E05007867,16
3391,E05007868,36
3392,E05007869,13
3393,E05007870,4
3394,E05007871,11
3395,E05007872,7
3396,E05007873,9
3397,E05007874,9
3398,E05007875,10
3399,E05007876,5
3400,E05007877,6
3401,E05007878,10
3402,E05007879,7
3403,E05007880,29
3404,E05007881,22
3405,E05007882,19
3406,E05007883,107
3407,E05007884,29
3408,E05007885,2
3409,E05007886,11
3410,E05007887,4
3411,E05007888,14
3412,E05007889,13
3413,E05007890,10
3414,E05007891,6
3415,E05007892,1
3416,E05007893,6
3417,E05007894,6
3418,E05007896,2
3419,E05007897,22
3420,E05007899,1
3421,E05007901,9
3422,E05007902,3
3423,E05007903,3
3424,E05007904,19
3425,E05007905,6
3426,E05007906,16
3427,E05007907,7
3428,E05007908,7
3429,E05007915,1
3430,E05007916,1
3431,E05007917,27
3432,E05007918,1
3433,E05007919,29
3434,E05007920,14
3435,E05007921,14
3436,E05007923,1
3437,E05007924,1
3438,E05007926,17
3439,E05008136,27
3440,E05008137,15
3441,E05008138,9
3442,E05008139,3
3443,E05008140,23
3444,E05008141,50
3445,E05008142,16
3446,E05008143,22
3447,E05008144,8
3448,E05008147,1
3449,E05008148,2
3450,E05008149,35
3451,E05008150,3
3452,E05008151,8
3453,E05008152,15
3454,E05008153,53
3455,E05008154,15
3456,E05008155,3
3457,E05008156,39
3458,E05008157,18
3459,E05008158,35
3460,E05008160,12
3461,E05008162,17
3462,E05008164,20
3463,E05008165,15
3464,E05008166,8
3465,E05008167,28
3466,E05008168,18
3467,E05008169,20
3468,E05008170,14
3469,E05008171,17
3470,E05008172,18
3471,E05008173,7
3472,E05008178,20
3473,E05008179,7
3474,E05008180,45
3475,E05008181,4
3476,E05008186,20
3477,E05008187,24
3478,E05008188,1
3479,E05008189,9
3480,E05008190,4
3481,E05008191,20
3482,E05008192,11
3483,E05008193,7
3484,E05008194,31
3485,E05008195,1
3486,E05008196,3
3487,E05008198,5
3488,E05008327,35
3489,E05008328,17
3490,E05008329,9
3491,E05008330,7
3492,E05008331,19
3493,E05008333,3
3494,E05008335,2
3495,E05008336,1
3496,E05008337,19
3497,E05008338,34
3498,E05008339,1
3499,E05008340,1
3500,E05008343,1
3501,E05008344,1
3502,E05008351,2
3503,E05008352,2
3504,E05008354,2
3505,E05008355,2
3506,E05008356,24
3507,E05008357,1
3508,E05008359,1
3509,E05008360,36
3510,E05008361,23
3511,E05008362,2
3512,E05008363,35
3513,E05008365,1
3514,E05008366,1
3515,E05008367,17
3516,E05008369,1
3517,E05008370,1
3518,E05008371,13
3519,E05008372,33
3520,E05008375,1
3521,E05008376,1
3522,E05008379,10
3523,E05008380,39
3524,E05008381,32
3525,E05008382,34
3526,E05008383,16
3527,E05008384,28
3528,E05008386,8
3529,E05008387,11
3530,E05008388,13
3531,E05008389,39
3532,E05008390,27
3533,E05008391,6
3534,E05008392,67
3535,E05008393,36
3536,E05008394,2
3537,E05008395,1
3538,E05008396,1
3539,E05008397,16
3540,E05008399,8
3541,E05008400,29
3542,E05008401,32
3543,E05008403,1
3544,E05008405,1
3545,E05008408,1
3546,E05008409,2
3547,E05008412,1
3548,E05008413,1
3549,E05008415,29
3550,E05008418,1
3551,E05008419,26
3552,E05008420,10
3553,E05008421,22
3554,E05008422,11
3555,E05008423,14
3556,E05008424,20
3557,E05008481,3
3558,E05008485,1
3559,E05008488,2
3560,E05008489,1
3561,E05008490,1
3562,E05008494,2
3563,E05008495,2
3564,E05008497,1
3565,E05008499,3
3566,E05008507,1
3567,E05008509,2
3568,E05008515,2
3569,E05008521,1
3570,E05008523,2
3571,E05008524,15
3572,E05008525,1
3573,E05008528,1
3574,E05008529,1
3575,E05008535,3
3576,E05008544,5
3577,E05008545,12
3578,E05008547,3
3579,E05008548,47
3580,E05008550,1
3581,E05008552,4
3582,E05008553,2
3583,E05008555,1
3584,E05008556,1
3585,E05008558,34
3586,E05008559,46
3587,E05008560,19
3588,E05008561,42
3589,E05008562,30
3590,E05008563,5
3591,E05008564,20
3592,E05008565,13
3593,E05008567,1
3594,E05008569,11
3595,E05008570,3
3596,E05008571,1
3597,E05008572,2
3598,E05008573,1
3599,E05008574,1
3600,E05008575,2
3601,E05008577,1
3602,E05008578,3
3603,E05008581,1
3604,E05008582,1
3605,E05008599,6
3606,E05008600,1
3607,E05008610,14
3608,E05008611,25
3609,E05008612,21
3610,E05008614,2
3611,E05008615,1
3612,E05008616,17
3613,E05008619,1
3614,E05008620,8
3615,E05008621,31
3616,E05008622,3
3617,E05008623,1
3618,E05008624,15
3619,E05008625,9
3620,E05008626,28
3621,E05008628,2
3622,E05008629,16
3623,E05008630,9
3624,E05008631,2
3625,E05008633,5
3626,E05008637,1
3627,E05008638,2
3628,E05008641,5
3629,E05008642,23
3630,E05008643,21
3631,E05008644,20
3632,E05008650,2
3633,E05008652,10
3634,E05008653,1
3635,E05008654,9
3636,E05008655,12
3637,E05008656,16
3638,E05008657,12
3639,E05008658,41
3640,E05008659,17
3641,E05008660,14
3642,E05008661,13
3643,E05008662,14
3644,E05008663,18
3645,E05008664,68
3646,E05008665,42
3647,E05008666,29
3648,E05008667,27
3649,E05008668,1
3650,E05008669,6
3651,E05008670,17
3652,E05008671,30
3653,E05008672,17
3654,E05008673,24
3655,E05008675,34
3656,E05008676,34
3657,E05008677,28
3658,E05008678,15
3659,E05008679,19
3660,E05008680,25
3661,E05008681,6
3662,E05008683,2
3663,E05008685,42
3664,E05008686,1
3665,E05008688,22
3666,E05008692,16
3667,E05008693,9
3668,E05008695,1
3669,E05008696,28
3670,E05008697,29
3671,E05008698,14
3672,E05008699,32
3673,E05008700,36
3674,E05008701,2
3675,E05008703,19
3676,E05008704,23
3677,E05008705,14
3678,E05008706,4
3679,E05008707,10
3680,E05008714,10
3681,E05008715,22
3682,E05008716,4
3683,E05008717,11
3684,E05008718,3
3685,E05008719,10
3686,E05008720,6
3687,E05008721,4
3688,E05008722,7
3689,E05008723,6
3690,E05008724,3
3691,E05008725,3
3692,E05008726,5
3693,E05008727,18
3694,E05008728,3
3695,E05008729,12
3696,E05008730,2
3697,E05008731,2
3698,E05008732,14
3699,E05008733,16
3700,E05008734,20
3701,E05008735,20
3702,E05008736,4
3703,E05008737,19
3704,E05008738,9
3705,E05008739,14
3706,E05008740,3
3707,E05008741,3
3708,E05008742,6
3709,E05008743,2
3710,E05008744,8
3711,E05008745,16
3712,E05008746,5
3713,E05008747,1
3714,E05008748,3
3715,E05008749,6
3716,E05008750,5
3717,E05008753,2
3718,E05008759,1
3719,E05008760,1
3720,E05008764,1
3721,E05008767,3
3722,E05008769,1
3723,E05008770,1
3724,E05008776,1
3725,E05008778,2
3726,E05008779,3
3727,E05008784,41
3728,E05008785,4
3729,E05008786,31
3730,E05008787,11
3731,E05008788,7
3732,E05008789,8
3733,E05008790,19
3734,E05008791,21
3735,E05008792,1
3736,E05008793,25
3737,E05008794,2
3738,E05008795,12
3739,E05008796,39
3740,E05008797,22
3741,E05008798,22
3742,E05008799,1
3743,E05008800,5
3744,E05008801,1
3745,E05008802,1
3746,E05008803,2
3747,E05008804,18
3748,E05008805,21
3749,E05008806,5
3750,E05008807,47
3751,E05008808,1
3752,E05008810,1
3753,E05008811,5
3754,E05008813,2
3755,E05008815,3
3756,E05008816,1
3757,E05008819,1
3758,E05008820,1
3759,E05008821,1
3760,E05008824,15
3761,E05008825,22
3762,E05008826,10
3763,E05008827,8
3764,E05008828,65
3765,E05008829,17
3766,E05008830,26
3767,E05008831,5
3768,E05008832,5
3769,E05008833,2
3770,E05008834,3
3771,E05008835,11
3772,E05008836,28
3773,E05008837,17
3774,E05008838,6
3775,E05008839,9
3776,E05008840,20
3777,E05008841,23
3778,E05008842,18
3779,E05008843,9
3780,E05008844,8
3781,E05008845,37
3782,E05008846,4
3783,E05008847,11
3784,E05008848,14
3785,E05008849,11
3786,E05008850,11
3787,E05008851,4
3788,E05008852,16
3789,E05008853,10
3790,E05008854,13
3791,E05008855,8
3792,E05008856,13
3793,E05008858,1
3794,E05008868,1
3795,E05008871,1
3796,E05008880,1
3797,E05008883,1
3798,E05008884,1
3799,E05008891,1
3800,E05008894,3
3801,E05008895,1
3802,E05008896,5
3803,E05008897,6
3804,E05008898,6
3805,E05008899,4
3806,E05008900,21
3807,E05008901,10
3808,E05008902,23
3809,E05008903,23
3810,E05008904,18
3811,E05008905,1
3812,E05008906,9
3813,E05008907,15
3814,E05008908,6
3815,E05008909,50
3816,E05008910,14
3817,E05008911,28
3818,E05008912,14
3819,E05008913,31
3820,E05008914,5
3821,E05008915,15
3822,E05008917,6
3823,E05008918,1
3824,E05008919,7
3825,E05008923,1
3826,E05008926,1
3827,E05008928,19
3828,E05008929,1
3829,E05008930,10
3830,E05008931,9
3831,E05008932,27
3832,E05008933,28
3833,E05008934,14
3834,E05008935,23
3835,E05008936,20
3836,E05008937,2
3837,E05008938,1
3838,E05008939,1
3839,E05008941,13
3840,E05008947,1
3841,E05008949,1
3842,E05008950,1
3843,E05008954,33
3844,E05008955,22
3845,E05008956,20
3846,E05008957,39
3847,E05008958,24
3848,E05008960,9
3849,E05008961,17
3850,E05008962,25
3851,E05008963,28
3852,E05008965,2
3853,E05008966,22
3854,E05008967,9
3855,E05008969,17
3856,E05008970,25
3857,E05008971,12
3858,E05008972,28
3859,E05008974,1
3860,E05008976,1
3861,E05008979,1
3862,E05008980,1
3863,E05008982,1
3864,E05008984,12
3865,E05008985,1
3866,E05008986,1
3867,E05008988,5
3868,E05008990,1
3869,E05008992,1
3870,E05008994,1
3871,E05008997,2
3872,E05008998,1
3873,E05008999,3
3874,E05009002,1
3875,E05009003,13
3876,E05009004,17
3877,E05009005,10
3878,E05009006,21
3879,E05009009,15
3880,E05009010,13
3881,E05009011,3
3882,E05009014,15
3883,E05009015,1
3884,E05009016,31
3885,E05009018,2
3886,E05009019,34
3887,E05009020,17
3888,E05009021,21
3889,E05009022,27
3890,E05009023,12
3891,E05009024,15
3892,E05009025,13
3893,E05009026,1
3894,E05009027,16
3895,E05009028,18
3896,E05009030,6
3897,E05009031,13
3898,E05009032,23
3899,E05009033,12
3900,E05009034,26
3901,E05009035,3
3902,E05009036,33
3903,E05009037,9
3904,E05009041,26
3905,E05009042,8
3906,E05009043,12
3907,E05009044,9
3908,E05009045,15
3909,E05009046,16
3910,E05009048,11
3911,E05009049,1
3912,E05009050,1
3913,E05009051,26
3914,E05009052,9
3915,E05009054,20
3916,E05009055,26
3917,E05009056,9
3918,E05009057,11
3919,E05009058,10
3920,E05009059,9
3921,E05009060,50
3922,E05009061,15
3923,E05009064,30
3924,E05009065,9
3925,E05009066,18
3926,E05009067,19
3927,E05009068,17
3928,E05009069,7
3929,E05009070,73
3930,E05009071,9
3931,E05009072,11
3932,E05009073,25
3933,E05009074,7
3934,E05009075,5
3935,E05009076,10
3936,E05009077,11
3937,E05009079,14
3938,E05009080,15
3939,E05009081,10
3940,E05009083,7
3941,E05009084,11
3942,E05009086,8
3943,E05009088,3
3944,E05009090,4
3945,E05009094,1
3946,E05009096,2
3947,E05009098,2
3948,E05009105,1
3949,E05009106,2
3950,E05009109,1
3951,E05009115,1
3952,E05009119,5
3953,E05009122,7
3954,E05009123,1
3955,E05009124,1
3956,E05009125,1
3957,E05009128,1
3958,E05009132,1
3959,E05009135,1
3960,E05009139,1
3961,E05009142,1
3962,E05009146,1
3963,E05009147,1
3964,E05009151,1
3965,E05009154,5
3966,E05009155,2
3967,E05009156,1
3968,E05009159,2
3969,E05009160,1
3970,E05009168,1
3971,E05009172,1
3972,E05009173,2
3973,E05009174,19
3974,E05009175,3
3975,E05009178,1
3976,E05009182,16
3977,E05009184,2
3978,E05009185,2
3979,E05009187,3
3980,E05009190,1
3981,E05009191,1
3982,E05009193,1
3983,E05009194,17
3984,E05009195,1
3985,E05009196,4
3986,E05009197,1
3987,E05009199,1
3988,E05009201,1
3989,E05009203,1
3990,E05009204,1
3991,E05009208,1
3992,E05009209,14
3993,E05009210,1
3994,E05009212,1
3995,E05009214,5
3996,E05009215,1
3997,E05009216,21
3998,E05009217,1
3999,E05009218,4
4000,E05009219,6
4001,E05009220,4
4002,E05009221,10
4003,E05009222,10
4004,E05009223,1
4005,E05009225,1
4006,E05009226,1
4007,E05009227,1
4008,E05009228,1
4009,E05009230,1
4010,E05009231,17
4011,E05009232,1
4012,E05009234,2
4013,E05009235,15
4014,E05009238,1
4015,E05009241,32
4016,E05009242,20
4017,E05009248,3
4018,E05009249,1
4019,E05009250,14
4020,E05009252,2
4021,E05009253,13
4022,E05009255,1
4023,E05009257,1
4024,E05009258,1
4025,E05009259,3
4026,E05009260,10
4027,E05009261,1
4028,E05009262,1
4029,E05009263,2
4030,E05009265,1
4031,E05009268,1
4032,E05009270,30
4033,E05009271,1
4034,E05009275,21
4035,E05009276,53
4036,E05009277,14
4037,E05009278,11
4038,E05009279,2
4039,E05009280,1
4040,E05009281,4
4041,E05009283,1
4042,E05009285,15
4043,E05009286,2
4044,E05009287,1
4045,E05009288,3
4046,E05009292,9
4047,E05009304,1
4048,E05009305,4
4049,E05009308,1
4050,E05009309,5
4051,E05009310,2
4052,E05009315,15
4053,E05009316,5
4054,E05009318,44
4055,E05009323,76
4056,E05009324,26
4057,E05009325,45
4058,E05009326,18
4059,E05009327,25
4060,E05009328,16
4061,E05009329,5
4062,E05009330,55
4063,E05009332,12
4064,E05009333,1
4065,E05009336,8
4066,E05009337,13
4067,E05009338,8
4068,E05009339,20
4069,E05009340,24
4070,E05009341,13
4071,E05009342,7
4072,E05009343,9
4073,E05009344,12
4074,E05009345,12
4075,E05009346,5
4076,E05009347,11
4077,E05009348,10
4078,E05009349,15
4079,E05009350,20
4080,E05009351,10
4081,E05009352,1
4082,E05009354,2
4083,E05009356,1
4084,E05009357,1
4085,E05009358,3
4086,E05009359,1
4087,E05009360,1
4088,E05009361,3
4089,E05009363,1
4090,E05009368,188
4091,E05009369,26
4092,E05009370,6
4093,E05009373,17
4094,E05009374,3
4095,E05009377,1
4096,E05009382,11
4097,E05009383,170
4098,E05009384,202
4099,E05009385,53
4100,E05009387,24
4101,E05009388,5
4102,E05009389,64
4103,E05009390,2
4104,E05009391,18
4105,E05009392,33
4106,E05009393,55
4107,E05009394,27
4108,E05009395,21
4109,E05009396,43
4110,E05009397,31
4111,E05009398,64
4112,E05009399,37
4113,E05009400,18
4114,E05009401,34
4115,E05009402,6
4116,E05009403,65
4117,E05009404,25
4118,E05009405,40
4119,E05009406,33
4120,E05009407,25
4121,E05009408,16
4122,E05009409,6
4123,E05009410,1
4124,E05009411,10
4125,E05009412,71
4126,E05009413,21
4127,E05009414,36
4128,E05009415,16
4129,E05009416,2
4130,E05009417,1
4131,E05009418,1
4132,E05009419,23
4133,E05009421,2
4134,E05009422,20
4135,E05009424,34
4136,E05009425,25
4137,E05009427,35
4138,E05009428,34
4139,E05009429,18
4140,E05009430,13
4141,E05009431,15
4142,E05009432,10
4143,E05009433,27
4144,E05009435,18
4145,E05009436,44
4146,E05009438,33
4147,E05009439,13
4148,E05009440,22
4149,E05009441,6
4150,E05009442,29
4151,E05009443,33
4152,E05009444,11
4153,E05009445,4
4154,E05009446,22
4155,E05009447,10
4156,E05009448,31
4157,E05009449,52
4158,E05009450,2
4159,E05009451,13
4160,E05009452,22
4161,E05009453,4
4162,E05009454,32
4163,E05009455,30
4164,E05009456,8
4165,E05009457,24
4166,E05009458,27
4167,E05009459,8
4168,E05009460,11
4169,E05009461,7
4170,E05009462,13
4171,E05009463,10
4172,E05009464,18
4173,E05009465,13
4174,E05009466,12
4175,E05009467,12
4176,E05009468,19
4177,E05009469,17
4178,E05009470,11
4179,E05009471,2
4180,E05009472,20
4181,E05009473,19
4182,E05009474,1
4183,E05009475,23
4184,E05009476,17
4185,E05009477,26
4186,E05009478,5
4187,E05009479,20
4188,E05009480,6
4189,E05009481,8
4190,E05009482,2
4191,E05009483,23
4192,E05009484,12
4193,E05009485,26
4194,E05009486,10
4195,E05009487,22
4196,E05009488,5
4197,E05009489,25
4198,E05009490,17
4199,E05009491,4
4200,E05009492,7
4201,E05009494,1
4202,E05009498,7
4203,E05009501,1
4204,E05009508,7
4205,E05009511,8
4206,E05009515,16
4207,E05009519,2
4208,E05009523,8
4209,E05009524,2
4210,E05009528,1
4211,E05009535,6
4212,E05009536,2
4213,E05009544,1
4214,E05009545,11
4215,E05009546,6
4216,E05009549,8
4217,E05009550,17
4218,E05009562,1
4219,E05009563,11
4220,E05009566,19
4221,E05009567,1
4222,E05009568,16
4223,E05009570,1
4224,E05009571,11
4225,E05009572,1
4226,E05009573,14
4227,E05009575,1
4228,E05009576,1
4229,E05009577,1
4230,E05009580,18
4231,E05009582,1
4232,E05009583,2
4233,E05009584,19
4234,E05009585,11
4235,E05009586,6
4236,E05009588,11
4237,E05009589,1
4238,E05009592,12
4239,E05009593,27
4240,E05009594,17
4241,E05009595,14
4242,E05009596,49
4243,E05009597,22
4244,E05009598,12
4245,E05009599,5
4246,E05009600,14
4247,E05009601,3
4248,E05009602,10
4249,E05009603,17
4250,E05009604,21
4251,E05009605,28
4252,E05009606,19
4253,E05009607,9
4254,E05009608,13
4255,E05009609,6
4256,E05009610,23
4257,E05009611,18
4258,E05009612,5
4259,E05009613,6
4260,E05009614,16
4261,E05009615,13
4262,E05009616,27
4263,E05009617,13
4264,E05009618,1
4265,E05009619,10
4266,E05009620,7
4267,E05009621,1
4268,E05009623,1
4269,E05009625,2
4270,E05009631,2
4271,E05009632,1
4272,E05009636,12
4273,E05009637,10
4274,E05009638,17
4275,E05009639,34
4276,E05009644,8
4277,E05009646,38
4278,E05009647,17
4279,E05009648,19
4280,E05009649,6
4281,E05009651,12
4282,E05009652,8
4283,E05009653,5
4284,E05009654,7
4285,E05009655,19
4286,E05009656,1
4287,E05009657,1
4288,E05009659,1
4289,E05009665,3
4290,E05009667,2
4291,E05009670,1
4292,E05009672,16
4293,E05009673,23
4294,E05009674,41
4295,E05009675,4
4296,E05009676,27
4297,E05009677,1
4298,E05009678,1
4299,E05009679,29
4300,E05009680,19
4301,E05009681,27
4302,E05009682,17
4303,E05009683,2
4304,E05009684,29
4305,E05009685,33
4306,E05009686,32
4307,E05009687,22
4308,E05009688,30
4309,E05009689,11
4310,E05009690,2
4311,E05009691,7
4312,E05009692,11
4313,E05009693,4
4314,E05009694,7
4315,E05009695,7
4316,E05009696,7
4317,E05009697,1
4318,E05009698,15
4319,E05009699,18
4320,E05009700,6
4321,E05009701,1
4322,E05009702,6
4323,E05009703,21
4324,E05009704,13
4325,E05009705,10
4326,E05009706,3
4327,E05009707,21
4328,E05009708,15
4329,E05009711,1
4330,E05009712,8
4331,E05009713,1
4332,E05009714,2
4333,E05009717,2
4334,E05009718,3
4335,E05009719,4
4336,E05009721,2
4337,E05009722,9
4338,E05009724,11
4339,E05009725,12
4340,E05009730,2
4341,E05009732,32
4342,E05009733,1
4343,E05009735,2
4344,E05009736,4
4345,E05009737,4
4346,E05009738,1
4347,E05009740,1
4348,E05009741,11
4349,E05009742,1
4350,E05009743,39
4351,E05009744,14
4352,E05009745,80
4353,E05009746,23
4354,E05009747,6
4355,E05009748,33
4356,E05009749,48
4357,E05009750,2
4358,E05009751,8
4359,E05009753,66
4360,E05009754,1
4361,E05009755,1
4362,E05009756,1
4363,E05009758,2
4364,E05009759,2
4365,E05009760,51
4366,E05009761,34
4367,E05009762,2
4368,E05009763,24
4369,E05009764,1
4370,E05009765,3
4371,E05009766,15
4372,E05009767,5
4373,E05009770,24
4374,E05009773,11
4375,E05009774,1
4376,E05009775,1
4377,E05009776,39
4378,E05009777,10
4379,E05009778,24
4380,E05009779,23
4381,E05009782,2
4382,E05009783,1
4383,E05009784,1
4384,E05009786,2
4385,E05009788,1
4386,E05009790,1
4387,E05009791,1
4388,E05009792,22
4389,E05009794,41
4390,E05009795,1
4391,E05009796,50
4392,E05009799,2
4393,E05009800,1
4394,E05009802,2
4395,E05009803,2
4396,E05009810,2
4397,E05009811,2
4398,E05009813,1
4399,E05009818,1
4400,E05009822,1
4401,E05009823,10
4402,E05009824,8
4403,E05009825,5
4404,E05009826,9
4405,E05009827,7
4406,E05009828,22
4407,E05009829,12
4408,E05009830,4
4409,E05009831,3
4410,E05009832,1
4411,E05009833,10
4412,E05009834,13
4413,E05009835,18
4414,E05009836,9
4415,E05009837,3
4416,E05009838,3
4417,E05009839,14
4418,E05009840,7
4419,E05009841,5
4420,E05009842,4
4421,E05009843,4
4422,E05009844,1
4423,E05009845,5
4424,E05009846,9
4425,E05009847,8
4426,E05009848,10
4427,E05009849,3
4428,E05009850,17
4429,E05009851,3
4430,E05009852,7
4431,E05009853,6
4432,E05009854,7
4433,E05009855,3
4434,E05009856,3
4435,E05009857,36
4436,E05009858,7
4437,E05009859,1
4438,E05009860,4
4439,E05009861,2
4440,E05009862,11
4441,E05009863,14
4442,E05009864,12
4443,E05009865,9
4444,E05009866,24
4445,E05009867,5
4446,E05009868,13
4447,E05009869,16
4448,E05009870,3
4449,E05009871,9
4450,E05009872,2
4451,E05009874,8
4452,E05009875,2
4453,E05009876,1
4454,E05009877,27
4455,E05009879,1
4456,E05009880,1
4457,E05009881,1
4458,E05009882,1
4459,E05009883,1
4460,E05009884,1
4461,E05009885,38
4462,E05009891,2
4463,E05009892,4
4464,E05009894,1
4465,E05009897,1
4466,E05009900,1
4467,E05009901,7
4468,E05009902,3
4469,E05009903,1
4470,E05009905,1
4471,E05009906,1
4472,E05009909,13
4473,E05009911,2
4474,E05009912,1
4475,E05009914,2
4476,E05009915,20
4477,E05009916,3
4478,E05009917,7
4479,E05009918,29
4480,E05009919,2
4481,E05009920,12
4482,E05009921,6
4483,E05009923,3
4484,E05009924,1
4485,E05009927,2
4486,E05009928,1
4487,E05009929,6
4488,E05009930,37
4489,E05009931,3
4490,E05009932,9
4491,E05009933,11
4492,E05009934,14
4493,E05009935,10
4494,E05009936,8
4495,E05009937,6
4496,E05009938,22
4497,E05009939,15
4498,E05009940,15
4499,E05009941,9
4500,E05009942,6
4501,E05009943,10
4502,E05009944,6
4503,E05009945,1
4504,E05009946,9
4505,E05009947,1
4506,E05009948,13
4507,E05009949,6
4508,E05009950,7
4509,E05009951,7
4510,E05009952,12
4511,E05009953,9
4512,E05009954,9
4513,E05009955,13
4514,E05009956,6
4515,E05009958,13
4516,E05009959,16
4517,E05009960,19
4518,E05009961,2
4519,E05009963,12
4520,E05009964,18
4521,E05009965,17
4522,E05009966,7
4523,E05009967,5
4524,E05009968,2
4525,E05009969,5
4526,E05009970,2
4527,E05009971,15
4528,E05009972,10
4529,E05009973,1
4530,E05009974,7
4531,E05009975,12
4532,E05009976,7
4533,E05009977,12
4534,E05009978,8
4535,E05009979,9
4536,E05009980,17
4537,E05009981,28
4538,E05009982,23
4539,E05009983,10
4540,E05009984,12
4541,E05009985,1
4542,E05009987,10
4543,E05009988,3
4544,E05009989,17
4545,E05009990,7
4546,E05009991,4
4547,E05009992,13
4548,E05009993,5
4549,E05009994,12
4550,E05009995,10
4551,E05009996,4
4552,E05010003,17
4553,E05010004,19
4554,E05010005,3
4555,E05010007,1
4556,E05010008,21
4557,E05010009,2
4558,E05010010,13
4559,E05010011,36
4560,E05010013,17
4561,E05010014,12
4562,E05010017,6
4563,E05010018,1
4564,E05010020,1
4565,E05010022,2
4566,E05010023,10
4567,E05010024,8
4568,E05010026,1
4569,E05010029,4
4570,E05010030,5
4571,E05010031,15
4572,E05010032,10
4573,E05010033,7
4574,E05010034,17
4575,E05010035,9
4576,E05010036,1
4577,E05010037,6
4578,E05010038,7
4579,E05010039,12
4580,E05010040,12
4581,E05010041,22
4582,E05010042,5
4583,E05010043,10
4584,E05010044,1
4585,E05010045,5
4586,E05010046,11
4587,E05010048,12
4588,E05010049,10
4589,E05010050,27
4590,E05010052,4
4591,E05010053,8
4592,E05010056,21
4593,E05010057,10
4594,E05010058,1
4595,E05010060,1
4596,E05010061,8
4597,E05010062,6
4598,E05010065,1
4599,E05010067,1
4600,E05010068,1
4601,E05010069,2
4602,E05010070,1
4603,E05010074,1
4604,E05010077,2
4605,E05010081,1
4606,E05010083,2
4607,E05010084,2
4608,E05010088,7
4609,E05010089,6
4610,E05010090,1
4611,E05010105,1
4612,E05010109,1
4613,E05010117,1
4614,E05010120,1
4615,E05010121,1
4616,E05010124,1
4617,E05010128,25
4618,E05010129,11
4619,E05010130,18
4620,E05010131,12
4621,E05010132,30
4622,E05010133,51
4623,E05010134,1
4624,E05010137,30
4625,E05010138,13
4626,E05010139,14
4627,E05010140,38
4628,E05010141,47
4629,E05010142,12
4630,E05010143,18
4631,E05010144,55
4632,E05010145,14
4633,E05010146,26
4634,E05010147,8
4635,E05010148,2
4636,E05010150,1
4637,E05010153,1
4638,E05010154,33
4639,E05010155,1
4640,E05010156,19
4641,E05010157,6
4642,E05010158,3
4643,E05010160,1
4644,E05010164,2
4645,E05010165,1
4646,E05010169,12
4647,E05010170,1
4648,E05010171,3
4649,E05010172,7
4650,E05010173,11
4651,E05010174,14
4652,E05010175,38
4653,E05010176,2
4654,E05010178,15
4655,E05010179,22
4656,E05010181,9
4657,E05010182,5
4658,E05010184,1
4659,E05010190,1
4660,E05010192,18
4661,E05010193,1
4662,E05010194,18
4663,E05010196,1
4664,E05010198,3
4665,E05010199,1
4666,E05010201,2
4667,E05010202,2
4668,E05010205,6
4669,E05010206,8
4670,E05010207,16
4671,E05010208,1
4672,E05010211,1
4673,E05010213,14
4674,E05010214,11
4675,E05010215,6
4676,E05010216,12
4677,E05010218,5
4678,E05010219,8
4679,E05010220,10
4680,E05010221,2
4681,E05010222,4
4682,E05010223,2
4683,E05010224,10
4684,E05010225,21
4685,E05010227,13
4686,E05010228,11
4687,E05010229,7
4688,E05010231,14
4689,E05010233,12
4690,E05010235,6
4691,E05010236,6
4692,E05010237,1
4693,E05010239,2
4694,E05010240,1
4695,E05010241,1
4696,E05010246,1
4697,E05010251,13
4698,E05010254,2
4699,E05010255,1
4700,E05010256,2
4701,E05010260,2
4702,E05010262,7
4703,E05010263,1
4704,E05010265,2
4705,E05010268,1
4706,E05010275,2
4707,E05010277,2
4708,E05010279,1
4709,E05010281,1
4710,E05010283,2
4711,E05010287,8
4712,E05010290,1
4713,E05010292,13
4714,E05010293,1
4715,E05010299,1
4716,E05010305,1
4717,E05010308,2
4718,E05010309,2
4719,E05010314,1
4720,E05010316,1
4721,E05010317,1
4722,E05010318,93
4723,E05010319,2
4724,E05010320,4
4725,E05010322,1
4726,E05010325,40
4727,E05010326,1
4728,E05010328,2
4729,E05010329,1
4730,E05010330,3
4731,E05010332,2
4732,E05010334,1
4733,E05010335,1
4734,E05010336,3
4735,E05010337,1
4736,E05010338,13
4737,E05010339,1
4738,E05010340,2
4739,E05010341,7
4740,E05010342,2
4741,E05010343,1
4742,E05010344,1
4743,E05010345,1
4744,E05010347,2
4745,E05010350,1
4746,E05010351,24
4747,E05010352,1
4748,E05010356,12
4749,E05010358,2
4750,E05010361,2
4751,E05010362,18
4752,E05010363,7
4753,E05010364,1
4754,E05010365,14
4755,E05010366,14
4756,E05010367,5
4757,E05010368,18
4758,E05010369,3
4759,E05010370,13
4760,E05010371,16
4761,E05010372,25
4762,E05010373,22
4763,E05010374,3
4764,E05010375,10
4765,E05010376,6
4766,E05010377,40
4767,E05010378,25
4768,E05010379,20
4769,E05010380,3
4770,E05010381,10
4771,E05010382,7
4772,E05010383,16
4773,E05010384,21
4774,E05010385,34
4775,E05010386,13
4776,E05010387,6
4777,E05010388,7
4778,E05010389,5
4779,E05010390,15
4780,E05010391,55
4781,E05010392,19
4782,E05010393,40
4783,E05010394,32
4784,E05010395,23
4785,E05010396,27
4786,E05010397,5
4787,E05010398,16
4788,E05010399,24
4789,E05010400,20
4790,E05010401,22
4791,E05010402,24
4792,E05010403,7
4793,E05010404,13
4794,E05010405,23
4795,E05010406,24
4796,E05010407,3
4797,E05010408,14
4798,E05010409,4
4799,E05010410,66
4800,E05010411,23
4801,E05010412,5
4802,E05010413,4
4803,E05010414,7
4804,E05010415,15
4805,E05010416,2
4806,E05010417,3
4807,E05010418,8
4808,E05010419,18
4809,E05010420,11
4810,E05010421,11
4811,E05010422,4
4812,E05010423,4
4813,E05010424,5
4814,E05010425,27
4815,E05010426,12
4816,E05010427,6
4817,E05010428,5
4818,E05010429,15
4819,E05010431,3
4820,E05010432,1
4821,E05010433,1
4822,E05010438,1
4823,E05010439,20
4824,E05010440,8
4825,E05010441,1
4826,E05010442,12
4827,E05010443,14
4828,E05010446,22
4829,E05010447,1
4830,E05010448,5
4831,E05010449,1
4832,E05010450,3
4833,E05010454,19
4834,E05010455,1
4835,E05010457,2
4836,E05010458,29
4837,E05010459,17
4838,E05010460,27
4839,E05010461,35
4840,E05010462,21
4841,E05010463,182
4842,E05010464,36
4843,E05010465,4
4844,E05010466,7
4845,E05010467,19
4846,E05010468,43
4847,E05010469,34
4848,E05010470,18
4849,E05010471,17
4850,E05010472,29
4851,E05010473,53
4852,E05010474,8
4853,E05010475,24
4854,E05010476,22
4855,E05010477,23
4856,E05010478,52
4857,E05010479,1
4858,E05010480,1
4859,E05010484,4
4860,E05010486,5
4861,E05010487,3
4862,E05010489,1
4863,E05010494,2
4864,E05010497,2
4865,E05010498,1
4866,E05010499,2
4867,E05010505,1
4868,E05010506,1
4869,E05010507,1
4870,E05010508,1
4871,E05010513,5
4872,E05010514,26
4873,E05010515,2
4874,E05010516,12
4875,E05010517,10
4876,E05010518,4
4877,E05010519,29
4878,E05010520,31
4879,E05010521,1
4880,E05010522,10
4881,E05010529,5
4882,E05010530,13
4883,E05010531,11
4884,E05010532,13
4885,E05010536,1
4886,E05010544,1
4887,E05010547,3
4888,E05010549,3
4889,E05010556,3
4890,E05010558,1
4891,E05010562,1
4892,E05010565,2
4893,E05010566,1
4894,E05010567,2
4895,E05010568,13
4896,E05010569,17
4897,E05010570,26
4898,E05010571,25
4899,E05010572,25
4900,E05010573,29
4901,E05010574,31
4902,E05010575,42
4903,E05010576,8
4904,E05010577,18
4905,E05010578,24
4906,E05010579,19
4907,E05010580,32
4908,E05010581,38
4909,E05010582,28
4910,E05010583,18
4911,E05010584,15
4912,E05010585,17
4913,E05010586,25
4914,E05010587,28
4915,E05010588,25
4916,E05010589,18
4917,E05010590,47
4918,E05010591,14
4919,E05010592,20
4920,E05010593,25
4921,E05010594,31
4922,E05010595,20
4923,E05010596,25
4924,E05010597,21
4925,E05010598,27
4926,E05010599,24
4927,E05010600,23
4928,E05010601,30
4929,E05010602,18
4930,E05010603,24
4931,E05010604,9
4932,E05010606,4
4933,E05010610,4
4934,E05010611,3
4935,E05010612,5
4936,E05010613,5
4937,E05010614,14
4938,E05010620,3
4939,E05010621,18
4940,E05010626,3
4941,E05010627,1
4942,E05010629,1
4943,E05010634,2
4944,E05010636,34
4945,E05010643,1
4946,E05010648,1
4947,E05010651,1
4948,E05010654,10
4949,E05010655,3
4950,E05010657,4
4951,E05010658,3
4952,E05010659,1
4953,E05010661,7
4954,E05010662,7
4955,E05010663,9
4956,E05010665,11
4957,E05010666,1
4958,E05010667,10
4959,E05010668,2
4960,E05010669,1
4961,E05010670,1
4962,E05010671,3
4963,E05010672,12
4964,E05010674,2
4965,E05010679,1
4966,E05010681,2
4967,E05010696,37
4968,E05010698,3
4969,E05010700,1
4970,E05010701,8
4971,E05010702,10
4972,E05010703,13
4973,E05010704,21
4974,E05010705,5
4975,E05010706,8
4976,E05010707,2
4977,E05010708,55
4978,E05010709,13
4979,E05010710,45
4980,E05010711,1
4981,E05010713,1
4982,E05010715,16
4983,E05010716,2
4984,E05010717,12
4985,E05010718,12
4986,E05010720,8
4987,E05010721,12
4988,E05010722,9
4989,E05010723,9
4990,E05010724,30
4991,E05010725,7
4992,E05010727,14
4993,E05010728,7
4994,E05010729,7
4995,E05010730,14
4996,E05010731,18
4997,E05010732,24
4998,E05010733,1
4999,E05010734,9
5000,E05010735,5
5001,E05010736,34
5002,E05010737,30
5003,E05010738,5
5004,E05010739,17
5005,E05010740,30
5006,E05010741,13
5007,E05010742,1
5008,E05010743,18
5009,E05010744,19
5010,E05010745,22
5011,E05010746,11
5012,E05010747,78
5013,E05010748,14
5014,E05010754,8
5015,E05010755,37
5016,E05010756,1
5017,E05010757,12
5018,E05010759,8
5019,E05010760,8
5020,E05010762,4
5021,E05010763,8
5022,E05010764,11
5023,E05010765,15
5024,E05010766,10
5025,E05010771,8
5026,E05010772,1
5027,E05010774,1
5028,E05010775,1
5029,E05010780,1
5030,E05010781,24
5031,E05010782,17
5032,E05010783,5
5033,E05010784,25
5034,E05010785,6
5035,E05010786,20
5036,E05010787,40
5037,E05010788,11
5038,E05010789,8
5039,E05010790,17
5040,E05010791,46
5041,E05010792,6
5042,E05010793,27
5043,E05010794,9
5044,E05010795,3
5045,E05010796,3
5046,E05010798,2
5047,E05010802,1
5048,E05010803,1
5049,E05010804,1
5050,E05010805,14
5051,E05010806,16
5052,E05010807,66
5053,E05010808,5
5054,E05010809,16
5055,E05010810,17
5056,E05010811,6
5057,E05010812,20
5058,E05010813,38
5059,E05010814,12
5060,E05010815,7
5061,E05010816,7
5062,E05010817,17
5063,E05010818,14
5064,E05010819,27
5065,E05010820,17
5066,E05010821,7
5067,E05010822,23
5068,E05010823,13
5069,E05010824,27
5070,E05010825,23
5071,E05010826,17
5072,E05010827,9
5073,E05010828,80
5074,E05010829,12
5075,E05010830,23
5076,E05010831,47
5077,E05010832,33
5078,E05010833,42
5079,E05010834,17
5080,E05010835,32
5081,E05010836,18
5082,E05010837,26
5083,E05010838,76
5084,E05010839,16
5085,E05010840,21
5086,E05010841,12
5087,E05010842,17
5088,E05010843,24
5089,E05010844,8
5090,E05010845,10
5091,E05010846,4
5092,E05010847,12
5093,E05010848,17
5094,E05010849,15
5095,E05010850,10
5096,E05010851,10
5097,E05010852,8
5098,E05010853,12
5099,E05010854,10
5100,E05010855,11
5101,E05010856,23
5102,E05010858,20
5103,E05010859,15
5104,E05010860,89
5105,E05010862,2
5106,E05010863,39
5107,E05010865,66
5108,E05010866,29
5109,E05010867,47
5110,E05010869,58
5111,E05010870,7
5112,E05010873,1
5113,E05010874,14
5114,E05010875,13
5115,E05010876,7
5116,E05010877,16
5117,E05010880,2
5118,E05010881,45
5119,E05010882,1
5120,E05010883,27
5121,E05010884,15
5122,E05010885,75
5123,E05010886,4
5124,E05010887,24
5125,E05010888,36
5126,E05010889,1
5127,E05010890,10
5128,E05010891,15
5129,E05010892,430
5130,E05010893,68
5131,E05010894,35
5132,E05010895,27
5133,E05010896,35
5134,E05010897,12
5135,E05010898,19
5136,E05010901,1
5137,E05010904,16
5138,E05010905,30
5139,E05010906,30
5140,E05010907,56
5141,E05010908,16
5142,E05010909,38
5143,E05010910,9
5144,E05010911,5
5145,E05010912,10
5146,E05010913,1
5147,E05010914,21
5148,E05010915,1
5149,E05010916,51
5150,E05010917,99
5151,E05010918,17
5152,E05010920,1
5153,E05010921,1
5154,E05010925,1
5155,E05010926,1
5156,E05010927,1
5157,E05010928,1
5158,E05010929,1
5159,E05010930,3
5160,E05010931,10
5161,E05010932,27
5162,E05010933,37
5163,E05010934,25
5164,E05010935,7
5165,E05010936,11
5166,E05010937,18
5167,E05010938,11
5168,E05010939,5
5169,E05010940,8
5170,E05010941,17
5171,E05010942,15
5172,E05010943,6
5173,E05010944,15
5174,E05010945,8
5175,E05010946,10
5176,E05010947,15
5177,E05010948,10
5178,E05010949,10
5179,E05010950,11
5180,E05010951,10
5181,E05010952,14
5182,E05010953,33
5183,E05010954,5
5184,E05010955,7
5185,E05010956,5
5186,E05010957,10
5187,E05010958,34
5188,E05010959,3
5189,E05010960,15
5190,E05010961,13
5191,E05010962,16
5192,E05010963,10
5193,E05010964,14
5194,E05010965,4
5195,E05010966,9
5196,E05010967,70
5197,E05010968,12
5198,E05010969,8
5199,E05010970,18
5200,E05010971,18
5201,E05010972,1
5202,E05010974,25
5203,E05010975,1
5204,E05010977,16
5205,E05010978,1
5206,E05010979,38
5207,E05010980,46
5208,E05010981,49
5209,E05010982,13
5210,E05010983,14
5211,E05010984,26
5212,E05010986,31
5213,E05010987,7
5214,E05010988,4
5215,E05010989,7
5216,E05010990,9
5217,E05010991,7
5218,E05010992,4
5219,E05010993,9
5220,E05010994,3
5221,E05010995,3
5222,E05010996,1
5223,E05010998,11
5224,E05010999,2
5225,E05011000,21
5226,E05011002,1
5227,E05011003,1
5228,E05011005,1
5229,E05011006,2
5230,E05011007,1
5231,E05011008,4
5232,E05011011,22
5233,E05011012,30
5234,E05011013,10
5235,E05011014,7
5236,E05011015,15
5237,E05011016,55
5238,E05011017,22
5239,E05011018,46
5240,E05011019,40
5241,E05011020,95
5242,E05011021,32
5243,E05011022,30
5244,E05011023,27
5245,E05011024,31
5246,E05011025,56
5247,E05011026,26
5248,E05011027,14
5249,E05011028,20
5250,E05011029,33
5251,E05011030,14
5252,E05011031,22
5253,E05011032,16
5254,E05011033,15
5255,E05011034,5
5256,E05011035,9
5257,E05011036,14
5258,E05011037,1
5259,E05011038,9
5260,E05011039,13
5261,E05011040,6
5262,E05011041,16
5263,E05011042,6
5264,E05011043,10
5265,E05011044,13
5266,E05011045,8
5267,E05011047,1
5268,E05011048,2
5269,E05011054,1
5270,E05011055,1
5271,E05011058,30
5272,E05011059,16
5273,E05011060,30
5274,E05011061,2
5275,E05011062,12
5276,E05011064,2
5277,E05011065,6
5278,E05011066,14
5279,E05011067,21
5280,E05011068,7
5281,E05011069,9
5282,E05011070,18
5283,E05011071,12
5284,E05011072,28
5285,E05011073,33
5286,E05011074,2
5287,E05011076,2
5288,E05011078,2
5289,E05011079,19
5290,E05011080,32
5291,E05011081,12
5292,E05011082,1
5293,E05011084,23
5294,E05011087,1
5295,E05011089,3
